,,Duplicate,Permno,Permco,,
BOX,2,,1,1,Different,
AM,2,,1,1,Different,
ARCT,3,1,1,1,Different,
MUSA,2,,1,1,Different,
PANL,2,,1,1,Different,
COUP,2,,1,1,Different,
SSE,2,,1,1,Different,
WMS,2,,1,1,Different,
DM,2,,1,1,Different,
CRC,2,,1,1,Different,
MPG,3,1,1,1,Different,
LIFE,2,,1,1,Different,
TRU,2,,1,1,Different,
FLOW,2,,1,1,Different,
CSTR,2,,1,1,Different,
CWH,3,1,1,1,Different,
JAG,2,,1,1,Different,
EXXI,2,,1,1,Different,
HCC,2,,1,1,Different,
WRLS,2,,1,1,Different,
SE,2,,1,1,Different,
ENTR,3,1,1,1,Different,
ACT,2,,1,1,Different,
CMD,2,,1,1,Different,
LSI,2,,1,1,Different,
WEX,2,,1,1,Different,
LTM,2,,1,1,Different,
SPP,2,,1,1,Different,
ALT,2,,1,1,Different,
SPMD,3,1,1,1,Different,
EWU,3,1,1,1,Different ETF,
ROSE,2,,1,1,Different*,
MPO,1,,1,,Gap,possible bankruptcy
NIHD,1,,1,,Gap,possible bankruptcy
GNK,1,,1,,Gap,possible bankruptcy
VRS,1,,1,,Gap,possible bankruptcy
SD,1,,1,,Gap,possible bankruptcy
UPL,1,,1,,Gap,possible bankruptcy
GDP,1,,1,,Gap,possible bankruptcy
NES,1,,1,,Gap,possible bankruptcy
GLF,1,,1,,Gap,possible bankruptcy
ERUS,3,1,1,1,I vol has 2017 data,
SR,2,,1,1,I vol has data for the later,
ADC,3,1,1,1,Ignore ADC 366,
ALTR,2,,1,1,Ivol available for former,
BXG,2,,1,1,Ivol available for former,
MAG,2,,1,1,Ivol available for latter,
BIOC,2,,1,1,Ivol data available for latter,
YMLP,3,1,1,1,Ivol data for latter,
TRLA,2,,1,1,Ivol has data for the former,
TU,2,1,1,,Just Permno changes one fine day. Price is almost the same.,
TAL,2,,1,1,Merger and changed permco,
EMC,1,1,,,Merger- two entries,
LLTC,1,1,,,Merger- two entries,
STSA,1,1,,,Merger- two entries,
DELL,1,1,,,Merger- two entries,
ICLR,2,1,1,,Reregister?,
WPZ,3,1,1,1,Same,
PKY,2,,1,1,Same,
SRC,3,1,1,1,Same,
CNOB,3,1,1,1,Same,
NWSA,2,,1,1,Same,
NWS,2,,1,1,Same,
S,3,1,1,1,Same,
EVHC,3,1,1,1,Same,
ATLS,3,1,1,1,Same,
PZG,3,1,1,1,Same,
IGT,3,1,1,1,Same,
GCI,2,,1,1,Same,
ENR,2,,1,1,Same,
MSG,2,,1,1,Same,
PNK,3,1,1,1,Same,
VBIV,3,1,1,1,Same,
CCE,3,1,1,1,Same,
FCG,3,1,1,1,Same,
HTZ,2,,1,1,Same,
AA,2,,1,1,Same,
IMOS,3,1,1,1,Same,
FTI,3,1,1,1,Same,
BKI,2,,1,1,Same,
FOR,3,1,1,1,Same,
LOV,2,,1,1,Same,
CASC,2,,1,1,Same,
STL,3,1,1,1,Same,
DWSN,3,1,1,1,Same,
JCI,3,1,1,1,Same,
ES,2,,1,1,Same,
CB,3,1,1,1,Same,
AGN,3,1,1,1,Same,
ETP,2,,1,1,Same,
TIVO,3,1,1,1,Same,
WCN,3,1,1,1,Same,
LMCA,3,1,1,1,Same company,
NBRV,2,1,1,,Same ticker and price,duplicate date for change
KNX,3,1,1,1,Same ticker and price,
BTU,2,,1,1,Same with gap,
GDI,2,,1,1,Same with gap,
BBX,2,,1,1,Same with gap,
WWAV,2,1,1,,Share Class,
NYLD,2,1,1,,Share Class,
UA,2,1,1,,Share Class,
LGF,2,1,1,,Share Class,
HEI,2,1,1,,Share Class,
GTN,2,1,1,,Share Class,
WSO,2,1,1,,Share Class,
MKC,2,1,1,,Share Class,
LEN,2,1,1,,Share Class,
TAP,2,1,1,,Share Class,
BIO,2,1,1,,Share Class,
STZ,2,1,1,,Share Class,
CBS,2,1,1,,Share Class,
AGM,2,1,1,,Share Class,
GEF,2,1,1,,Share Class,
Z,1,,1,,Share Class but no overlap of dates,
GOOG,1,,1,,Share Class change,
HVT,2,1,1,,Share Class same ticker,
GASX,1,,1,,Sharebuy back - two entries,ETF
WMGI,3,1,1,1,Similar,
DLPH,2,,1,1,Similar,
ANGI,3,1,1,1,Similar,
CMLP,3,1,1,1,Similar,
KCG,3,1,1,1,Similar,
UBS,3,1,1,1,Similar,
GSM,3,1,1,1,Similar,
HOME,3,1,1,1,Similar,
GPT,3,1,1,1,Similar,price change
UBNK,3,1,1,1,Similar,
OILD,2,,1,1,Similar ETF,
OILU,2,,1,1,Similar ETF,
WPP,2,,1,1,Ticker Reuse,
EGAS,0,,,,,
JJSF,0,,,,,
PLXS,0,,,,,
HGR,,,,,,
ORCL,0,,,,,
MSFT,0,,,,,
ACUR,0,,,,,
TROW,0,,,,,
HON,0,,,,,
AMRC,0,,,,,
AKRX,0,,,,,
TECD,0,,,,,
RGEN,0,,,,,
AT,0,,,,,
BWC,0,,,,,
BWXT,0,,,,,
CIS,0,,,,,
BEAM,0,,,,,
BWINB,0,,,,,
INDB,0,,,,,
DSS,0,,,,,
CLDX,0,,,,,
SIGM,0,,,,,
CY,0,,,,,
TMP,0,,,,,
BCPC,0,,,,,
XOMA,0,,,,,
AMAG,0,,,,,
TCB,0,,,,,
TCF,0,,,,,
ASTE,0,,,,,
NAVG,0,,,,,
WERN,0,,,,,
SKYW,0,,,,,
REFR,0,,,,,
AMWD,0,,,,,
MDCI,0,,,,,
ADM,0,,,,,
AAN,0,,,,,
VIVO,0,,,,,
CLFD,0,,,,,
WTS,0,,,,,
FNB,0,,,,,
LAKE,0,,,,,
ACET,0,,,,,
BRLI,0,,,,,
FSYS,0,,,,,
HLS,0,,,,,
FISV,0,,,,,
FCNCA,0,,,,,
RWC,0,,,,,
HTLD,0,,,,,
CYTR,0,,,,,
RENT,0,,,,,
OSUR,0,,,,,
BWS,0,,,,,
CAL,0,,,,,
BC,0,,,,,
DXYN,0,,,,,
UIS,0,,,,,
WSFS,0,,,,,
CERN,0,,,,,
WBS,0,,,,,
MKL,0,,,,,
CMVT,0,,,,,
CDR,0,,,,,
AXGN,0,,,,,
ACMP,0,,,,,
FLIC,0,,,,,
FBP,0,,,,,
ASMI,0,,,,,
AVD,0,,,,,
PLAB,0,,,,,
CRMT,0,,,,,
GASL,0,,,,,
AGII,1,1,,,,
OFG,0,,,,,
RETL,0,,,,,
CATO,0,,,,,
FBNC,0,,,,,
WSBC,0,,,,,
KO,0,,,,,
SAFM,1,1,,,,
ECT,0,,,,,
UBSI,0,,,,,
ENV,0,,,,,
CCC,0,,,,,
DXLG,0,,,,,
SKS,0,,,,,
WASH,0,,,,,
CDNS,0,,,,,
ED,0,,,,,
LIT,0,,,,,
CHCO,0,,,,,
BRY,0,,,,,
EBIX,0,,,,,
CECE,0,,,,,
FICO,0,,,,,
CNMD,0,,,,,
CELG,0,,,,,
HBNC,0,,,,,
ATU,1,1,,,,
ACO,0,,,,,
XRAY,0,,,,,
FAST,0,,,,,
CPF,0,,,,,
HRTX,0,,,,,
LABL,0,,,,,
AIRM,0,,,,,
CRK,0,,,,,
GDOT,0,,,,,
DTE,0,,,,,
MATX,0,,,,,
IMKTA,0,,,,,
DD,0,,,,,
CBM,0,,,,,
AIN,0,,,,,
IIVI,0,,,,,
ETN,0,,,,,
SIVB,0,,,,,
MITK,0,,,,,
CLH,0,,,,,
CTBI,0,,,,,
WPPGY,0,,,,,
XOM,0,,,,,
IPAR,0,,,,,
MGM,0,,,,,
MXIM,0,,,,,
WM,0,,,,,
BMC,0,,,,,
KKR,1,1,,,,
CHFC,0,,,,,
EMLC,0,,,,,
MCP,0,,,,,
OXF,0,,,,,
DY,0,,,,,
QUAD,0,,,,,
RLD,0,,,,,
VRNG,0,,,,,
FH,0,,,,,
AERL,0,,,,,
IKGH,0,,,,,
LINU,0,,,,,
QLIK,0,,,,,
SMT,0,,,,,
AMLP,0,,,,,
GMT,0,,,,,
GATX,0,,,,,
INXX,0,,,,,
GORO,0,,,,,
IL,0,,,,,
GD,0,,,,,
SCIF,0,,,,,
NEWN,0,,,,,
REE,0,,,,,
GE,0,,,,,
LH,0,,,,,
SCHP,0,,,,,
ONB,0,,,,,
WSR,0,,,,,
PBCT,0,,,,,
ELD,1,1,,,,
SIG,0,,,,,
GMAN,0,,,,,
MMYT,0,,,,,
NXPI,0,,,,,
PATH,1,1,,,,
PSTB,0,,,,,
RP,0,,,,,
TSRX,1,1,,,,
COR,0,,,,,
ECON,0,,,,,
ENZL,0,,,,,
CBRX,0,,,,,
JNP,0,,,,,
FRBK,0,,,,,
GNCMA,0,,,,,
LNN,0,,,,,
MEAS,0,,,,,
ECNS,0,,,,,
MGPI,1,1,,,,
PPHM,0,,,,,
EPHE,0,,,,,
RNO,0,,,,,
GNR,0,,,,,
SFUN,0,,,,,
VOO,0,,,,,
AMRS,0,,,,,
CHTR,0,,,,,
FULL,1,1,,,,
SQI,0,,,,,
VTWO,0,,,,,
CCG,0,,,,,
MY,0,,,,,
DQ,0,,,,,
EFC,0,,,,,
EXAM,0,,,,,
HBM,0,,,,,
REMX,0,,,,,
PEK,1,1,,,,
XRS,0,,,,,
TOWR,0,,,,,
LYB,0,,,,,
AEGR,0,,,,,
BBRG,0,,,,,
BODY,0,,,,,
CCIH,0,,,,,
GAGA,0,,,,,
HRZN,0,,,,,
KEYW,0,,,,,
MCOX,0,,,,,
NTSP,0,,,,,
PACB,0,,,,,
VRA,0,,,,,
ARX,0,,,,,
BITA,0,,,,,
BAH,1,1,,,,
GM,0,,,,,
GLDX,0,,,,,
GOEX,0,,,,,
URA,0,,,,,
HHC,0,,,,,
IPHI,0,,,,,
NOAH,0,,,,,
PCYG,0,,,,,
SEMG,0,,,,,
SMFG,0,,,,,
TPLM,0,,,,,
XUE,0,,,,,
CMRE,0,,,,,
ANAC,0,,,,,
GNOM,0,,,,,
LPLA,0,,,,,
PRMW,0,,,,,
RDA,0,,,,,
SODA,0,,,,,
TFM,0,,,,,
TKMR,0,,,,,
ABUS,0,,,,,
VNQI,0,,,,,
ZGNX,0,,,,,
IR,0,,,,,
RFP,0,,,,,
HYLD,1,1,,,,
AVL,0,,,,,
DUST,0,,,,,
NUGT,0,,,,,
DANG,0,,,,,
FXCM,0,,,,,
AG,0,,,,,
FRC,0,,,,,
FLT,0,,,,,
GCAP,0,,,,,
ISS,0,,,,,
QRE,0,,,,,
SWFT,0,,,,,
TRGP,0,,,,,
WD,0,,,,,
YOKU,0,,,,,
BONA,0,,,,,
LEDS,0,,,,,
MOBI,0,,,,,
IBM,0,,,,,
QADA,0,,,,,
RNET,0,,,,,
UNXL,0,,,,,
VTUS,0,,,,,
ASMB,0,,,,,
DCIX,0,,,,,
FRP,0,,,,,
NAV,0,,,,,
VELT,0,,,,,
VXUS,0,,,,,
HDGE,0,,,,,
AAT,0,,,,,
BKU,0,,,,,
DMD,1,1,,,,
LFGR,0,,,,,
MCC,0,,,,,
VIXM,0,,,,,
VIXY,0,,,,,
SCHM,0,,,,,
SCHH,0,,,,,
AGRO,0,,,,,
INXN,0,,,,,
NLSN,0,,,,,
FSA,0,,,,,
FOL,0,,,,,
FSG,0,,,,,
GPL,0,,,,,
IFT,0,,,,,
EMG,0,,,,,
KMI,0,,,,,
NPTN,0,,,,,
EDIV,0,,,,,
EBND,0,,,,,
INN,0,,,,,
ITT,0,,,,,
ACRX,0,,,,,
ECYT,0,,,,,
EPOC,0,,,,,
FLDM,0,,,,,
GEVO,0,,,,,
PCOM,0,,,,,
PCRX,0,,,,,
SUNS,0,,,,,
SWSH,0,,,,,
TRNX,0,,,,,
USCR,0,,,,,
APO,1,1,,,,
FF,1,1,,,,
ARGT,0,,,,,
HCA,0,,,,,
HII,0,,,,,
CROP,0,,,,,
HDV,0,,,,,
MCHI,0,,,,,
MX,0,,,,,
BKLN,0,,,,,
SJB,0,,,,,
QIHU,0,,,,,
EOX,0,,,,,
CSOD,0,,,,,
SREV,0,,,,,
AL,0,,,,,
UAN,0,,,,,
ELLI,0,,,,,
FEP,0,,,,,
KSU,0,,,,,
FCA,0,,,,,
FEM,0,,,,,
GNC,0,,,,,
MDGN,0,,,,,
GNMX,0,,,,,
APTS,0,,,,,
HYMB,0,,,,,
SDT,0,,,,,
SQNS,0,,,,,
STAG,0,,,,,
TMS,0,,,,,
TLLP,0,,,,,
ANDX,0,,,,,
ARCO,0,,,,,
TEU,0,,,,,
GMLP,0,,,,,
GSVC,0,,,,,
MKTG,0,,,,,
PFLT,0,,,,,
SGNT,0,,,,,
STBZ,0,,,,,
SVVC,0,,,,,
OCRX,1,1,,,,
VNET,0,,,,,
ZIP,0,,,,,
BRP,0,,,,,
ACTV,0,,,,,
ZX,0,,,,,
RUSS,0,,,,,
RUSL,0,,,,,
LNKD,0,,,,,
LPR,0,,,,,
NGL,0,,,,,
NQ,0,,,,,
NMFC,0,,,,,
FENG,0,,,,,
SPLV,0,,,,,
SPHB,0,,,,,
QRM,0,,,,,
RLJ,0,,,,,
ECOL,0,,,,,
RENN,0,,,,,
RVM,0,,,,,
LG,0,,,,,
THR,0,,,,,
UAM,0,,,,,
VOC,0,,,,,
FSL,1,1,,,,
KOS,0,,,,,
AMPE,0,,,,,
DATE,0,,,,,
ENT,0,,,,,
RPXC,0,,,,,
SAVE,0,,,,,
SZYM,0,,,,,
TVIA,0,,,,,
WIFI,0,,,,,
YNDX,0,,,,,
MITT,0,,,,,
RATE,0,,,,,
LODE,0,,,,,
DBEF,1,1,,,,
DBJP,1,1,,,,
CURE,0,,,,,
FIO,0,,,,,
SDIV,1,1,,,,
FLOT,0,,,,,
GSJK,0,,,,,
CCLP,0,,,,,
MPC,0,,,,,
P,0,,,,,
HYS,0,,,,,
HCHC,0,,,,,
TAOM,0,,,,,
VHS,0,,,,,
AMCX,0,,,,,
AWAY,1,1,,,,
FBNK,0,,,,,
FDUS,1,1,,,,
GRFS,1,1,,,,
KIOR,0,,,,,
WILN,0,,,,,
AMID,0,,,,,
AMTG,1,1,,,,
CJES,0,,,,,
OILT,0,,,,,
NKY,0,,,,,
SXC,0,,,,,
SYRG,0,,,,,
SRCI,0,,,,,
WAIR,0,,,,,
CHEF,0,,,,,
DNKN,0,,,,,
FRAN,0,,,,,
HZNP,0,,,,,
SKUL,0,,,,,
SKYY,0,,,,,
TNGO,0,,,,,
ZG,0,,,,,
PPP,0,,,,,
PER,0,,,,,
CARB,0,,,,,
CSRE,0,,,,,
MTGE,0,,,,,
TSU,0,,,,,
GUNR,0,,,,,
TDTT,0,,,,,
FBHS,0,,,,,
FSM,0,,,,,
FNV,0,,,,,
XAR,1,1,,,,
WEAT,0,,,,,
SOYB,0,,,,,
ARCP,0,,,,,
VER,0,,,,,
FMNB,0,,,,,
LCNB,0,,,,,
STRZA,1,1,,,,
ORIG,0,,,,,
STB,0,,,,,
XLS,1,1,,,,
GNE,0,,,,,
LEMB,0,,,,,
ACWV,0,,,,,
EEMV,0,,,,,
EFAV,0,,,,,
USMV,0,,,,,
SVXY,0,,,,,
UVXY,0,,,,,
KOLD,0,,,,,
BOIL,0,,,,,
SCHD,0,,,,,
XYL,0,,,,,
LMOS,0,,,,,
UBNT,0,,,,,
ZLTQ,0,,,,,
CHKR,0,,,,,
NDRO,0,,,,,
IMPV,0,,,,,
INVN,0,,,,,
IPFF,1,1,,,,
LRE,0,,,,,
MN,1,1,,,,
VAC,0,,,,,
KBWB,0,,,,,
RNF,1,1,,,,
APTV,0,,,,,
PACD,0,,,,,
ACHC,0,,,,,
CLVS,0,,,,,
GRPN,0,,,,,
MFRM,0,,,,,
NLNK,0,,,,,
LLEX,0,,,,,
SOCL,0,,,,,
BCEI,0,,,,,
GREK,1,1,,,,
NRGM,0,,,,,
LPI,0,,,,,
RKH,0,,,,,
BBH,0,,,,,
OIH,0,,,,,
PPH,0,,,,,
RTH,0,,,,,
SMH,0,,,,,
RRMS,0,,,,,
RSE,0,,,,,
SN,0,,,,,
WPX,0,,,,,
KORS,0,,,,,
GZT,0,,,,,
CNDO,0,,,,,
FBIO,0,,,,,
JIVE,0,,,,,
KIPO,0,,,,,
BDCV,0,,,,,
XRDC,0,,,,,
MCEP,0,,,,,
MEMP,0,,,,,
SGYP,0,,,,,
TRIP,0,,,,,
ZNGA,0,,,,,
GWRE,0,,,,,
URTH,0,,,,,
JE,0,,,,,
POST,0,,,,,
EELV,0,,,,,
PVG,0,,,,,
RINF,0,,,,,
RLGT,0,,,,,
REGI,0,,,,,
VSTM,0,,,,,
ARP,0,,,,,
TAN,0,,,,,
EPAM,0,,,,,
GSE,0,,,,,
GWAY,0,,,,,
RING,0,,,,,
PICK,0,,,,,
GOVT,0,,,,,
FRAK,0,,,,,
MTDR,0,,,,,
PRLB,0,,,,,
RNDY,0,,,,,
SLCA,0,,,,,
AVG,0,,,,,
BCOV,0,,,,,
BV,0,,,,,
CCXI,0,,,,,
CEMP,0,,,,,
MLNT,0,,,,,
CUI,0,,,,,
CZR,0,,,,,
HLSS,0,,,,,
HMST,0,,,,,
SSH,0,,,,,
SYNC,0,,,,,
ALSN,0,,,,,
BNNY,0,,,,,
DWRE,0,,,,,
QQQE,0,,,,,
ET,0,,,,,
MM,0,,,,,
NSM,0,,,,,
BOND,0,,,,,
TTT,0,,,,,
RM,0,,,,,
NL,0,,,,,
RXN,0,,,,,
SJNK,0,,,,,
SIR,0,,,,,
VNTV,0,,,,,
VIPS,0,,,,,
VCRA,0,,,,,
WHZ,0,,,,,
YELP,0,,,,,
GLOG,0,,,,,
CSTE,0,,,,,
ENPH,0,,,,,
GALT,0,,,,,
MACK,0,,,,,
MTSI,0,,,,,
NVDQ,0,,,,,
PRSS,0,,,,,
ACRE,0,,,,,
FET,0,,,,,
BLOX,0,,,,,
MRC,0,,,,,
MOAT,0,,,,,
IHY,1,1,,,,
ANGL,1,1,,,,
NCQ,0,,,,,
TMQ,0,,,,,
OAK,0,,,,,
PBA,0,,,,,
PSX,0,,,,,
RPAI,0,,,,,
SDR,0,,,,,
TUMI,0,,,,,
CLIR,0,,,,,
ENVI,0,,,,,
FRGI,0,,,,,
PFPT,0,,,,,
SPLK,0,,,,,
TCPC,0,,,,,
ALFA,1,1,,,,
EVER,0,,,,,
IMUC,0,,,,,
GYLD,1,1,,,,
ROYT,0,,,,,
PDH,0,,,,,
TAHO,0,,,,,
TLYS,0,,,,,
WAGE,0,,,,,
WMC,0,,,,,
ADNC,1,1,,,,
CG,0,,,,,
FB,0,,,,,
IRG,0,,,,,
SUPN,0,,,,,
TROV,0,,,,,
SSC,0,,,,,
SDOG,0,,,,,
ALEX,0,,,,,
BKW,1,1,,,,
EQM,0,,,,,
EMLP,0,,,,,
GURU,1,1,,,,
HTA,0,,,,,
HECO,1,1,,,,
EUFX,0,,,,,
NOW,0,,,,,
TROX,0,,,,,
EXA,0,,,,,
TSRO,0,,,,,
AMRE,0,,,,,
EGL,0,,,,,
HUSE,1,1,,,,
ANAT,0,,,,,
NGVC,0,,,,,
NTI,1,1,,,,
PANW,0,,,,,
DWAS,0,,,,,
CROC,0,,,,,
CHUY,0,,,,,
DFRG,0,,,,,
DRTX,1,1,,,,
EOPN,0,,,,,
FIVE,0,,,,,
HTBI,0,,,,,
KYAK,0,,,,,
BTT,0,,,,,
GMED,0,,,,,
HCLP,0,,,,,
SAND,0,,,,,
MANU,0,,,,,
BLMN,0,,,,,
LVNTA,1,1,,,,
MDIV,0,,,,,
PFMT,0,,,,,
PSMI,0,,,,,
TDIV,0,,,,,
TTS,0,,,,,
ADT,0,,,,,
BXE,0,,,,,
BSMX,0,,,,,
HY,0,,,,,
FM,1,1,,,,
NBHC,0,,,,,
SMLP,0,,,,,
SUSP,0,,,,,
SUN,0,,,,,
PNR,0,,,,,
CBF,1,1,,,,
CMGE,0,,,,,
KRFT,1,1,,,,
LFVN,0,,,,,
QLYS,0,,,,,
BERY,0,,,,,
IXUS,0,,,,,
IEFA,0,,,,,
OLN,0,,,,,
IEMG,0,,,,,
JMI,0,,,,,
LGP,0,,,,,
CAPL,0,,,,,
LOCK,0,,,,,
MPLX,0,,,,,
SPHD,0,,,,,
PBYI,0,,,,,
RLGY,0,,,,,
SSTK,0,,,,,
WDAY,0,,,,,
ANFI,0,,,,,
FLTX,0,,,,,
SDLP,1,1,,,,
AMBA,0,,,,,
CNSI,0,,,,,
MESG,0,,,,,
CUNB,1,1,,,,
FANG,0,,,,,
ICPT,0,,,,,
KYTH,0,,,,,
LNCO,0,,,,,
LPTN,0,,,,,
MRCC,0,,,,,
RGLS,0,,,,,
SHOS,0,,,,,
XPLR,0,,,,,
ALDW,0,,,,,
DKL,0,,,,,
SILJ,0,,,,,
SNLN,1,1,,,,
RH,0,,,,,
PCG,0,,,,,
RKUS,1,1,,,,
SXE,0,,,,,
SCM,0,,,,,
YY,0,,,,,
NEO,0,,,,,
PLPM,0,,,,,
PRTA,0,,,,,
RDHL,0,,,,,
REMY,1,1,,,,
SCTY,0,,,,,
UIHC,0,,,,,
ABBV,0,,,,,
RESI,0,,,,,
PBF,0,,,,,
PHDG,0,,,,,
RIOM,1,1,,,,
SBY,0,,,,,
WGP,0,,,,,
BFAM,0,,,,,
CVRR,0,,,,,
ERA,0,,,,,
SXCP,0,,,,,
TPH,0,,,,,
USAC,0,,,,,
CONE,0,,,,,
FWONA,0,,,,,
NCLH,0,,,,,
STML,0,,,,,
AGI,0,,,,,
BCC,0,,,,,
FPE,0,,,,,
NSLP,0,,,,,
ORC,0,,,,,
AMSWA,0,,,,,
FORX,0,,,,,
SBGL,0,,,,,
ZTS,0,,,,,
AFH,0,,,,,
HIIQ,0,,,,,
IMMY,0,,,,,
ORMP,0,,,,,
XONE,0,,,,,
XOOM,0,,,,,
APAM,1,1,,,,
AVIV,0,,,,,
OAKS,1,1,,,,
MRIN,0,,,,,
MODN,0,,,,,
PF,0,,,,,
SSNI,0,,,,,
VET,0,,,,,
BPY,0,,,,,
ENTA,0,,,,,
GARS,0,,,,,
TTPH,0,,,,,
WSTC,0,,,,,
CST,0,,,,,
BRZU,0,,,,,
DSL,0,,,,,
DMB,0,,,,,
EVTC,0,,,,,
HASI,0,,,,,
MTUM,0,,,,,
PEP,0,,,,,
RALY,0,,,,,
SEAS,0,,,,,
TAM,0,,,,,
TMHC,0,,,,,
TXMD,0,,,,,
I,0,,,,,
KNOP,0,,,,,
CMRX,0,,,,,
FWM,0,,,,,
HAWK,0,,,,,
IBTX,0,,,,,
MDXG,0,,,,,
OVAS,0,,,,,
ARPI,0,,,,,
AHH,0,,,,,
CSG,0,,,,,
ECOM,0,,,,,
CYNI,1,1,,,,
BRZS,0,,,,,
EMES,0,,,,,
FCSC,0,,,,,
MO,0,,,,,
BRSS,0,,,,,
VOYA,0,,,,,
WLH,0,,,,,
NRZ,0,,,,,
PFSI,0,,,,,
PGEM,0,,,,,
Q,0,,,,,
IQV,0,,,,,
DATA,0,,,,,
TEP,0,,,,,
CSTM,0,,,,,
ADHD,0,,,,,
AMBC,0,,,,,
CUBI,0,,,,,
DGRW,1,1,,,,
DXM,0,,,,,
EPZM,0,,,,,
GWPH,0,,,,,
COP,0,,,,,
MKTO,0,,,,,
MZOR,0,,,,,
FNBC,0,,,,,
PVH,0,,,,,
OTEL,0,,,,,
PTLA,0,,,,,
QIWI,0,,,,,
RCPT,0,,,,,
BLUE,0,,,,,
BNDX,0,,,,,
CDW,0,,,,,
DXJS,1,1,,,,
ESPR,0,,,,,
GOGO,0,,,,,
HDS,0,,,,,
NDLS,0,,,,,
NSTG,0,,,,,
OHRP,0,,,,,
PETX,0,,,,,
PTCT,0,,,,,
RNA,0,,,,,
BFOR,0,,,,,
BIOA,0,,,,,
BTG,0,,,,,
COLE,0,,,,,
COTY,0,,,,,
JPNS,0,,,,,
JPNL,0,,,,,
GIMO,0,,,,,
GTT,0,,,,,
LITB,0,,,,,
ISRA,1,1,,,,
RCAP,0,,,,,
TXTR,0,,,,,
AMGN,0,,,,,
LXFT,0,,,,,
MNK,0,,,,,
DRII,0,,,,,
QUAL,0,,,,,
JONE,0,,,,,
LIN,1,1,,,,
ONVO,0,,,,,
PSXP,0,,,,,
DOC,0,,,,,
REXR,0,,,,,
STRP,0,,,,,
UCP,1,1,,,,
WCIC,0,,,,,
AGIO,0,,,,,
CNAT,0,,,,,
AZUR,0,,,,,
FSFR,0,,,,,
OCSI,0,,,,,
MRTX,0,,,,,
OMED,0,,,,,
ONTX,0,,,,,
SALE,0,,,,,
AMH,0,,,,,
ATHL,0,,,,,
CVT,0,,,,,
MLPX,0,,,,,
IRT,0,,,,,
XON,0,,,,,
QEPM,0,,,,,
FNDE,0,,,,,
FNDF,0,,,,,
FNDX,0,,,,,
YUME,1,1,,,,
TPRE,0,,,,,
FI,0,,,,,
ASC,0,,,,,
CGIX,0,,,,,
CTRL,0,,,,,
FOXF,0,,,,,
KWEB,1,1,,,,
MBII,0,,,,,
RGDO,0,,,,,
TBRA,1,1,,,,
SFM,0,,,,,
SPHS,0,,,,,
STCK,0,,,,,
BMCH,0,,,,,
TNXP,0,,,,,
MYCC,0,,,,,
VLRS,0,,,,,
NNVC,0,,,,,
RNG,0,,,,,
REI,0,,,,,
SSLT,0,,,,,
VEDL,0,,,,,
SAIC,0,,,,,
VMEM,0,,,,,
CNHI,0,,,,,
AAOI,0,,,,,
BIND,0,,,,,
BNFT,0,,,,,
CPTA,1,1,,,,
ENZY,0,,,,,
FEYE,0,,,,,
FMI,0,,,,,
FPRX,0,,,,,
FUEL,0,,,,,
MONT,0,,,,,
NVEE,0,,,,,
OPHT,0,,,,,
PEGI,0,,,,,
PINC,0,,,,,
SQBG,0,,,,,
XLRN,0,,,,,
DOOR,0,,,,,
AR,0,,,,,
BRX,0,,,,,
BURL,0,,,,,
CXP,0,,,,,
CPS,0,,,,,
DBEU,1,1,,,,
JDST,0,,,,,
JNUG,0,,,,,
ESRT,0,,,,,
ALOG,0,,,,,
FENY,0,,,,,
FNCL,0,,,,,
FHLC,0,,,,,
FTEC,0,,,,,
FMAT,0,,,,,
WUBA,0,,,,,
SHYG,0,,,,,
MMI,0,,,,,
OCIP,0,,,,,
PAGP,0,,,,,
NOBL,0,,,,,
QTS,0,,,,,
RMAX,0,,,,,
ANEN,0,,,,,
SRLP,0,,,,,
LEAF,0,,,,,
OMF,0,,,,,
VEEV,0,,,,,
VJET,0,,,,,
WNRL,0,,,,,
ESNT,0,,,,,
ADXS,0,,,,,
AERI,0,,,,,
COMM,0,,,,,
CRTO,0,,,,,
EIGI,0,,,,,
FATE,0,,,,,
FTD,0,,,,,
GLPI,1,1,,,,
ICLD,0,,,,,
LDRH,0,,,,,
MGNX,0,,,,,
PBPB,0,,,,,
ROBO,1,1,,,,
SCAI,1,1,,,,
SFXE,0,,,,,
SRNE,0,,,,,
VCYT,0,,,,,
AMZG,0,,,,,
AHP,0,,,,,
CUDA,0,,,,,
CANF,0,,,,,
CHGG,0,,,,,
TCS,0,,,,,
ASHR,1,1,,,,
KODK,0,,,,,
SLB,0,,,,,
STAY,0,,,,,
WBAI,0,,,,,
JGW,0,,,,,
LBMH,0,,,,,
MEP,0,,,,,
TWTR,0,,,,,
VNCE,0,,,,,
ALLE,0,,,,,
EROS,0,,,,,
NVGS,0,,,,,
CACQ,0,,,,,
CPXX,0,,,,,
DLNG,0,,,,,
GOMO,0,,,,,
HMHC,0,,,,,
KPTI,0,,,,,
LGIH,0,,,,,
NMIH,0,,,,,
QUNR,0,,,,,
RLYP,0,,,,,
TNDM,0,,,,,
WIX,0,,,,,
ZU,1,1,,,,
AMC,0,,,,,
ARMK,0,,,,,
ATHM,0,,,,,
CTT,0,,,,,
CQH,0,,,,,
UUUU,0,,,,,
FGL,0,,,,,
HLT,1,1,,,,
NMBL,0,,,,,
VLP,0,,,,,
USDU,0,,,,,
SALT,0,,,,,
KIN,0,,,,,
TLOG,0,,,,,
XNCR,0,,,,,
CRCM,0,,,,,
CPG,0,,,,,
EURL,0,,,,,
EPE,0,,,,,
SNOW,0,,,,,
OGS,0,,,,,
PAH,0,,,,,
RSPP,0,,,,,
RICE,1,1,,,,
SC,0,,,,,
SWAY,0,,,,,
SFR,0,,,,,
HELI,0,,,,,
NADL,0,,,,,
ACSF,0,,,,,
ALQA,0,,,,,
CARA,0,,,,,
CLDN,0,,,,,
DRNA,0,,,,,
GLYC,0,,,,,
ITCI,0,,,,,
TACO,0,,,,,
MBUU,0,,,,,
NVFY,0,,,,,
RARE,0,,,,,
RTRX,0,,,,,
TRVN,0,,,,,
ARGS,0,,,,,
ASPX,0,,,,,
CMFN,0,,,,,
CNCE,0,,,,,
EBIO,0,,,,,
EGLT,0,,,,,
EGRX,0,,,,,
FLXN,0,,,,,
GNCA,0,,,,,
INGN,0,,,,,
LMNS,0,,,,,
NGHC,0,,,,,
QURE,0,,,,,
RVNC,0,,,,,
RXII,0,,,,,
SZMK,0,,,,,
TLMR,1,1,,,,
VRNS,0,,,,,
CBPX,0,,,,,
IBP,0,,,,,
HEWG,0,,,,,
HEFA,1,1,,,,
HEWJ,1,1,,,,
KN,0,,,,,
LADR,1,1,,,,
NEWM,0,,,,,
ATEN,0,,,,,
ATNM,0,,,,,
HIVE,0,,,,,
AMBR,0,,,,,
BRG,0,,,,,
CSLT,0,,,,,
CBSO,0,,,,,
OUT,1,1,,,,
QUOT,0,,,,,
ENLC,0,,,,,
EVDY,0,,,,,
HKOR,0,,,,,
KBA,1,1,,,,
QTWO,0,,,,,
TSLX,0,,,,,
TNET,0,,,,,
TPVG,0,,,,,
XXII,0,,,,,
KING,0,,,,,
APOG,0,,,,,
NORD,0,,,,,
AGTC,0,,,,,
AKAO,0,,,,,
AKBA,0,,,,,
AQXP,0,,,,,
BRDR,0,,,,,
FV,0,,,,,
CVX,0,,,,,
LE,0,,,,,
LPCN,0,,,,,
MDWD,0,,,,,
PCTY,0,,,,,
PFIE,0,,,,,
REPH,0,,,,,
PULM,0,,,,,
RXDX,0,,,,,
TWOU,0,,,,,
VSAR,0,,,,,
WATT,0,,,,,
ALLY,0,,,,,
CIO,0,,,,,
ENBL,0,,,,,
FSIC,0,,,,,
FPI,0,,,,,
GRUB,0,,,,,
IMS,0,,,,,
LEJU,0,,,,,
LQ,0,,,,,
MC,1,1,,,,
NYRT,0,,,,,
OPWR,0,,,,,
PAYC,0,,,,,
RUBI,0,,,,,
ZOES,0,,,,,
ADMS,0,,,,,
AGFS,0,,,,,
CERU,0,,,,,
AAPL,0,,,,,
FIVN,0,,,,,
HAWKB,0,,,,,
HCT,1,1,,,,
KANG,0,,,,,
NAVI,0,,,,,
OPB,0,,,,,
PAHC,0,,,,,
SABR,0,,,,,
SPWH,0,,,,,
VTL,0,,,,,
WB,0,,,,,
ARES,0,,,,,
CMCM,0,,,,,
CVEO,0,,,,,
ASHS,1,1,,,,
HRTG,0,,,,,
HYGH,0,,,,,
JMEI,0,,,,,
OUNZ,0,,,,,
DNOW,0,,,,,
PBFX,0,,,,,
PE,0,,,,,
VRP,0,,,,,
TIME,0,,,,,
WPG,0,,,,,
IHDG,1,1,,,,
ZEN,0,,,,,
LPG,0,,,,,
GLOP,0,,,,,
ABDC,0,,,,,
AGRX,0,,,,,
ALDR,0,,,,,
CTRE,0,,,,,
FRSH,0,,,,,
JD,0,,,,,
KTWO,0,,,,,
RESN,0,,,,,
SCYX,0,,,,,
SEMI,0,,,,,
SFBS,0,,,,,
SGBK,1,1,,,,
TBPH,0,,,,,
TOUR,0,,,,,
TRUE,0,,,,,
RYAM,0,,,,,
TMST,0,,,,,
FNFV,0,,,,,
NSAM,0,,,,,
CLNS,0,,,,,
ABY,0,,,,,
AY,0,,,,,
AMPH,0,,,,,
ARDX,0,,,,,
CBAY,0,,,,,
CBMG,0,,,,,
GPRO,0,,,,,
KITE,0,,,,,
MIK,0,,,,,
MOBL,0,,,,,
AMAT,0,,,,,
MRD,0,,,,,
MRKT,0,,,,,
INFO,0,,,,,
RDUS,0,,,,,
UDF,0,,,,,
XNET,0,,,,,
ZFGN,0,,,,,
ZSPH,0,,,,,
ADPT,0,,,,,
ANET,0,,,,,
CCS,0,,,,,
ECR,0,,,,,
FELP,0,,,,,
IMPR,0,,,,,
NEP,0,,,,,
PSG,0,,,,,
SERV,0,,,,,
VRTV,0,,,,,
ZPIN,1,1,,,,
TSE,0,,,,,
NAO,0,,,,,
ARSD,0,,,,,
TREC,0,,,,,
CTLT,0,,,,,
HEZU,1,1,,,,
CNXT,0,,,,,
PARR,0,,,,,
PFNX,0,,,,,
SYF,0,,,,,
TSQ,0,,,,,
TPUB,0,,,,,
TRNC,0,,,,,
TRUP,0,,,,,
WLKP,0,,,,,
PGN,0,,,,,
GLOB,0,,,,,
OEC,0,,,,,
RIGP,0,,,,,
AAVL,0,,,,,
ADVM,0,,,,,
ANY,0,,,,,
BHBK,1,1,,,,
TKR,0,,,,,
CDNA,0,,,,,
HQY,0,,,,,
IMDZ,0,,,,,
LMCK,1,1,,,,
FWONK,0,,,,,
LOCO,0,,,,,
MARA,0,,,,,
MRNS,0,,,,,
TR,1,1,,,,
NAME,0,,,,,
NERV,0,,,,,
OCUL,0,,,,,
SAGE,0,,,,,
TERP,0,,,,,
TUBE,0,,,,,
XENT,0,,,,,
FCB,0,,,,,
ICD,0,,,,,
RYI,0,,,,,
MBLY,0,,,,,
HMLP,0,,,,,
VTTI,0,,,,,
DSKY,0,,,,,
EARS,0,,,,,
LOXO,0,,,,,
LTRPA,0,,,,,
OTIC,0,,,,,
TTOO,0,,,,,
ERI,0,,,,,
VEC,0,,,,,
BABA,0,,,,,
CFG,0,,,,,
CIVI,0,,,,,
CNNX,0,,,,,
SFS,0,,,,,
TVPT,0,,,,,
ICL,0,,,,,
AFMD,0,,,,,
AUPH,0,,,,,
BCLI,0,,,,,
CDK,0,,,,,
CYBR,0,,,,,
FOMX,0,,,,,
TKAI,0,,,,,
VTAE,0,,,,,
KEYS,0,,,,,
HYH,0,,,,,
KE,0,,,,,
LBRDA,0,,,,,
AAC,0,,,,,
AST,0,,,,,
BOOT,0,,,,,
DPLO,0,,,,,
AMZA,0,,,,,
ENVA,0,,,,,
FMSA,0,,,,,
GWB,0,,,,,
HUBS,0,,,,,
JPEP,0,,,,,
SNR,0,,,,,
SHLX,0,,,,,
USDP,0,,,,,
VSLR,0,,,,,
W,0,,,,,
ZAYO,0,,,,,
OMAM,0,,,,,
FCAU,1,1,,,,
LBRDK,0,,,,,
ATRA,0,,,,,
CALA,0,,,,,
DBVT,0,,,,,
DERM,0,,,,,
PLAY,0,,,,,
SIEN,0,,,,,
VBLT,0,,,,,
VWR,0,,,,,
YDLE,1,1,,,,
AMFW,0,,,,,
HACK,0,,,,,
JPIN,0,,,,,
MORE,0,,,,,
NEFF,0,,,,,
NVRO,0,,,,,
PGRE,0,,,,,
STOR,0,,,,,
AXTA,0,,,,,
NAP,0,,,,,
APDN,0,,,,,
CHRS,0,,,,,
CNV,0,,,,,
EYES,0,,,,,
FGEN,0,,,,,
FRPT,0,,,,,
HABT,0,,,,,
MRO,0,,,,,
AROW,0,,,,,
INCR,0,,,,,
NDRM,0,,,,,
PRAH,0,,,,,
SKIS,0,,,,,
SNC,0,,,,,
VA,0,,,,,
SSRG,0,,,,,
KLXI,0,,,,,
LC,0,,,,,
SBIO,0,,,,,
NEWR,0,,,,,
ONDK,0,,,,,
QSR,0,,,,,
RMP,0,,,,,
TRCO,0,,,,,
WK,0,,,,,
BLCM,0,,,,,
CTSO,0,,,,,
HDP,0,,,,,
JRVR,0,,,,,
JUNO,0,,,,,
MOMO,0,,,,,
TRIL,0,,,,,
VNOM,0,,,,,
LMRK,0,,,,,
UE,0,,,,,
HIFR,0,,,,,
JPEM,0,,,,,
PN,0,,,,,
SHAK,0,,,,,
VSTO,0,,,,,
EURN,0,,,,,
AVGR,0,,,,,
ENTL,0,,,,,
FLKS,0,,,,,
ONCE,0,,,,,
VUZI,0,,,,,
CPPL,0,,,,,
DEA,0,,,,,
NVTA,0,,,,,
VMC,0,,,,,
REGL,0,,,,,
SMDV,0,,,,,
GDXX,0,,,,,
GDXS,0,,,,,
XHR,0,,,,,
INOV,0,,,,,
ITEK,0,,,,,
LBIO,0,,,,,
IOVA,0,,,,,
OCAT,0,,,,,
JMG,0,,,,,
NXRT,0,,,,,
AFTY,0,,,,,
XT,0,,,,,
ENSV,0,,,,,
SUM,0,,,,,
EUSC,1,1,,,,
CLLS,0,,,,,
SEDG,0,,,,,
SLTD,0,,,,,
SUNW,0,,,,,
CSAL,0,,,,,
UNIT,0,,,,,
ADRO,0,,,,,
APIC,0,,,,,
BPMC,0,,,,,
CRBP,0,,,,,
ETSY,0,,,,,
KMPH,0,,,,,
KRNT,0,,,,,
NVIV,0,,,,,
RELY,0,,,,,
VIRT,0,,,,,
XBIT,0,,,,,
CHAU,0,,,,,
JETS,1,1,,,,
EVA,0,,,,,
GDDY,0,,,,,
ASBC,0,,,,,
ASB,0,,,,,
NSA,0,,,,,
HLTH,0,,,,,
PRTY,0,,,,,
TLN,0,,,,,
APLE,0,,,,,
BKFS,0,,,,,
BSM,0,,,,,
DRIP,0,,,,,
GUSH,0,,,,,
LABD,0,,,,,
LABU,0,,,,,
EQGP,0,,,,,
FTAI,0,,,,,
PGND,0,,,,,
SHOP,0,,,,,
TEGP,0,,,,,
ADAP,0,,,,,
BOJA,0,,,,,
BZUN,0,,,,,
CLCD,0,,,,,
COLL,0,,,,,
GLPG,0,,,,,
FIT,0,,,,,
BW,0,,,,,
BLD,0,,,,,
CC,0,,,,,
HZN,0,,,,,
BXLT,1,1,,,,
LILAK,0,,,,,
LILA,0,,,,,
CPGX,0,,,,,
SPNE,0,,,,,
KHC,0,,,,,
ALRM,0,,,,,
AYA,0,,,,,
TSG,0,,,,,
CAFD,0,,,,,
CXRX,0,,,,,
CYNA,0,,,,,
DTEA,0,,,,,
LNTH,0,,,,,
MB,0,,,,,
MCRB,0,,,,,
PIRS,0,,,,,
UBIO,0,,,,,
WING,0,,,,,
ZBIO,0,,,,,
CHAD,0,,,,,
EVH,0,,,,,
GKOS,0,,,,,
GNL,0,,,,,
FL,0,,,,,
ATRO,0,,,,,
MCRN,0,,,,,
UNVR,0,,,,,
XTLY,0,,,,,
AXON,0,,,,,
GNRT,0,,,,,
PYPL,0,,,,,
BNED,0,,,,,
LITE,0,,,,,
AQMS,0,,,,,
BUFF,0,,,,,
CFMS,0,,,,,
CIBR,0,,,,,
CYRX,0,,,,,
GLBL,0,,,,,
LOB,0,,,,,
MCFT,0,,,,,
NEOS,0,,,,,
NK,0,,,,,
NTRA,0,,,,,
OLLI,0,,,,,
PGLC,0,,,,,
RPD,0,,,,,
GAS,0,,,,,
BDAT,0,,,,,
IPAY,0,,,,,
OUSA,0,,,,,
RSH,0,,,,,
JP,0,,,,,
TXN,0,,,,,
OOMA,0,,,,,
SRG,0,,,,,
TDOC,0,,,,,
TIER,0,,,,,
CCP,0,,,,,
BETR,0,,,,,
HLI,0,,,,,
PLNT,0,,,,,
AIMT,0,,,,,
GBT,0,,,,,
RUN,0,,,,,
ZYNE,0,,,,,
JAX,0,,,,,
PJT,0,,,,,
RGNX,0,,,,,
GEM,0,,,,,
GSLC,0,,,,,
KSA,0,,,,,
JPUS,0,,,,,
PEN,0,,,,,
LIVN,0,,,,,
FDC,0,,,,,
HPE,0,,,,,
NRE,0,,,,,
EXTN,0,,,,,
AFCO,0,,,,,
FCPT,1,1,,,,
EIX,0,,,,,
ATW,0,,,,,
KLDX,0,,,,,
PFGC,0,,,,,
PSTG,0,,,,,
XLRE,0,,,,,
XLFS,0,,,,,
MPSX,0,,,,,
RACE,0,,,,,
ACRS,0,,,,,
AVXL,0,,,,,
BITE,1,1,,,,
CTMX,0,,,,,
TWNK,0,,,,,
IOTS,0,,,,,
MYOK,0,,,,,
NVCR,0,,,,,
PMTS,0,,,,,
SGRY,0,,,,,
CSRA,0,,,,,
GSIE,0,,,,,
INST,0,,,,,
SQ,0,,,,,
AAAP,0,,,,,
AXSM,0,,,,,
DLTH,0,,,,,
KURA,0,,,,,
MIME,0,,,,,
MTCH,0,,,,,
VYGR,0,,,,,
AGR,0,,,,,
OSG,0,,,,,
YRD,0,,,,,
TEAM,0,,,,,
GCP,0,,,,,
NOMD,0,,,,,
MFS,0,,,,,
WBT,0,,,,,
AVXS,0,,,,,
BGNE,0,,,,,
EDIT,0,,,,,
NVTR,0,,,,,
AFI,0,,,,,
SNDX,0,,,,,
VRAY,0,,,,,
GSEU,0,,,,,
SENS,0,,,,,
BATRA,0,,,,,
BATRK,0,,,,,
LSXMA,0,,,,,
QHC,0,,,,,
CDXC,0,,,,,
RRR,0,,,,,
SCWX,0,,,,,
SRAQ,0,,,,,
CDEV,0,,,,,
ARA,0,,,,,
AVHI,0,,,,,
ENIC,0,,,,,
MGP,0,,,,,
NGVT,0,,,,,
ACIA,0,,,,,
NTLA,0,,,,,
PLSE,0,,,,,
RETA,0,,,,,
COTV,0,,,,,
GMS,0,,,,,
SITE,0,,,,,
USFD,0,,,,,
FTV,0,,,,,
CLSD,0,,,,,
NH,0,,,,,
SYRS,0,,,,,
VIVE,0,,,,,
ATKR,0,,,,,
AZZ,0,,,,,
SPDN,0,,,,,
TWLO,0,,,,,
TRTN,0,,,,,
CHUBK,0,,,,,
APFH,0,,,,,
LN,0,,,,,
OR,0,,,,,
PTHN,0,,,,,
BOLD,0,,,,,
FG,0,,,,,
LONE,0,,,,,
PI,0,,,,,
TPIC,0,,,,,
AIRG,0,,,,,
BSDM,0,,,,,
PRSN,0,,,,,
EKSO,0,,,,,
FHB,0,,,,,
DVMT,0,,,,,
ASIX,0,,,,,
DFIN,0,,,,,
LKSD,0,,,,,
VSM,0,,,,,
APTI,0,,,,,
BOTZ,1,1,,,,
EVBG,0,,,,,
NOVN,0,,,,,
NTNX,0,,,,,
TTD,0,,,,,
ELF,0,,,,,
VVV,0,,,,,
FTS,0,,,,,
ADNT,0,,,,,
YUMC,0,,,,,
QCP,0,,,,,
BL,0,,,,,
CRSP,0,,,,,
FRTA,0,,,,,
IRTC,0,,,,,
QTNA,0,,,,,
XOG,0,,,,,
LW,0,,,,,
GT,0,,,,,
GOLF,0,,,,,
ARCH,0,,,,,
ZTO,0,,,,,
GDS,0,,,,,
SND,0,,,,,
CWEB,0,,,,,
ATH,0,,,,,
CNDT,0,,,,,
HGV,0,,,,,
PK,0,,,,,
BPOP,0,,,,,
WRD,0,,,,,
ICHR,0,,,,,
PVAC,0,,,,,
TRVG,0,,,,,
VREX,0,,,,,
BIVV,0,,,,,
BOH,0,,,,,
JELD,0,,,,,
UVV,0,,,,,
FRAC,0,,,,,
REVG,0,,,,,
ANAB,0,,,,,
JNCE,0,,,,,
INVH,0,,,,,
LAUR,0,,,,,
NBEV,0,,,,,
SNAP,0,,,,,
AYX,0,,,,,
HSY,0,,,,,
CJ,0,,,,,
GOOS,0,,,,,
JILL,0,,,,,
MULE,0,,,,,
PUMP,0,,,,,
ARD,0,,,,,
HLNE,0,,,,,
NTRP,0,,,,,
PSDO,0,,,,,
SNDR,0,,,,,
OKTA,0,,,,,
YEXT,0,,,,,
CVNA,0,,,,,
XRF,0,,,,,
CLDR,0,,,,,
EEX,0,,,,,
FND,0,,,,,
HESM,0,,,,,
WTTR,0,,,,,
PCSB,0,,,,,
KR,0,,,,,
TOCA,0,,,,,
JHG,0,,,,,
CARS,0,,,,,
WOW,0,,,,,
VST,0,,,,,
AMGP,0,,,,,
DFEN,0,,,,,
SOI,0,,,,,
BHVN,0,,,,,
AABA,0,,,,,
ATUS,0,,,,,
APRN,0,,,,,
GIGB,0,,,,,
ATNX,0,,,,,
CGBD,1,1,,,,
JBGS,0,,,,,
TRTX,0,,,,,
AKCA,0,,,,,
BHF,0,,,,,
RDFN,0,,,,,
FNG,0,,,,,
MFGP,0,,,,,
DWDP,0,,,,,
KL,0,,,,,
VNTR,0,,,,,
ROKU,0,,,,,
BSTI,0,,,,,
GHYB,0,,,,,
PQG,0,,,,,
SWCH,0,,,,,
MDB,0,,,,,
ABLX,0,,,,,
MBIN,0,,,,,
CVS,0,,,,,
QD,0,,,,,
CNNE,0,,,,,
SAIL,0,,,,,
SFIX,0,,,,,
CEIX,0,,,,,
FNKO,0,,,,,
LOMA,0,,,,,
SEND,0,,,,,
SOGO,0,,,,,
BSET,0,,,,,
GIS,0,,,,,
LO,1,1,,,,
BATS,1,1,,,,
MAGA,1,1,,,,
VMIN,1,1,,,,
VMAX,0,,,,,
GSEW,0,,,,,
CNYA,0,,,,,
MHP,0,,,,,
MHFI,0,,,,,
SPGI,0,,,,,
USHY,0,,,,,
SPA,0,,,,,
INDA,0,,,,,
CCK,0,,,,,
WRB,1,1,,,,
KMB,0,,,,,
UTX,0,,,,,
UGI,0,,,,,
BGG,0,,,,,
SVNT,0,,,,,
AP,0,,,,,
CW,0,,,,,
FWLT,1,1,,,,
PG,0,,,,,
JCP,0,,,,,
SO,0,,,,,
CAT,0,,,,,
BOBE,0,,,,,
BCO,0,,,,,
BOLT,1,1,,,,
CL,0,,,,,
PEO,1,1,,,,
BRC,0,,,,,
FMC,0,,,,,
DE,0,,,,,
BMY,0,,,,,
WAG,0,,,,,
WBA,0,,,,,
BA,0,,,,,
IVZ,0,,,,,
SOHU,0,,,,,
VVI,0,,,,,
WEN,0,,,,,
MTZ,0,,,,,
SNV,0,,,,,
ACXM,0,,,,,
CR,0,,,,,
CVBF,0,,,,,
LUK,0,,,,,
ABT,0,,,,,
CACH,0,,,,,
CACI,0,,,,,
CALM,0,,,,,
CRS,0,,,,,
DOW,0,,,,,
CAMP,0,,,,,
CWT,0,,,,,
GY,0,,,,,
AJRD,0,,,,,
AAL,0,,,,,
GCO,0,,,,,
FOE,0,,,,,
CAJ,0,,,,,
LMT,0,,,,,
MWV,1,1,,,,
WRK,0,,,,,
NEM,0,,,,,
WGL,0,,,,,
CSWC,0,,,,,
CAH,0,,,,,
IP,0,,,,,
CASY,0,,,,,
EXC,0,,,,,
CNP,0,,,,,
IDA,0,,,,,
PFE,0,,,,,
EMR,0,,,,,
JNJ,0,,,,,
GLW,0,,,,,
PPG,0,,,,,
PPL,0,,,,,
MMM,0,,,,,
MRK,0,,,,,
MSI,0,,,,,
CMN,0,,,,,
HSH,1,1,,,,
CKP,0,,,,,
FE,0,,,,,
EDE,0,,,,,
HNZ,0,,,,,
SCG,0,,,,,
CPK,0,,,,,
CMS,0,,,,,
EAT,0,,,,,
CHD,0,,,,,
CINF,0,,,,,
POM,0,,,,,
WEC,0,,,,,
TXT,0,,,,,
CTAS,0,,,,,
PEG,0,,,,,
CIA,0,,,,,
HAL,0,,,,,
MDU,0,,,,,
FTR,0,,,,,
CYN,1,1,,,,
XEL,0,,,,,
CLC,0,,,,,
ETR,0,,,,,
WR,0,,,,,
AEP,0,,,,,
NEE,0,,,,,
ALE,0,,,,,
ASH,0,,,,,
EQT,0,,,,,
GXP,0,,,,,
OGE,0,,,,,
CDE,0,,,,,
PBI,0,,,,,
COHR,0,,,,,
ARNC,0,,,,,
NOC,0,,,,,
RTN,0,,,,,
AVA,0,,,,,
AEE,0,,,,,
CMA,0,,,,,
TEG,1,1,,,,
CBSH,1,1,,,,
OKE,0,,,,,
HSC,0,,,,,
CPB,0,,,,,
WHR,0,,,,,
CAR,0,,,,,
HRS,0,,,,,
NFG,0,,,,,
CA,0,,,,,
F,1,1,,,,
DOV,0,,,,,
CTGX,0,,,,,
CTG,0,,,,,
CMTL,0,,,,,
DIS,0,,,,,
CTWS,0,,,,,
EGN,0,,,,,
SJI,0,,,,,
ASA,0,,,,,
L,0,,,,,
K,0,,,,,
VAR,0,,,,,
CSL,0,,,,,
CLF,0,,,,,
CTB,0,,,,,
CRRC,1,1,,,,
CUZ,0,,,,,
CBRL,1,1,,,,
R,0,,,,,
AVT,0,,,,,
IRF,0,,,,,
STR,0,,,,,
HPQ,0,,,,,
BAX,0,,,,,
CFR,0,,,,,
CFI,1,1,,,,
CULP,0,,,,,
DUK,0,,,,,
MSB,0,,,,,
XRX,0,,,,,
PNW,0,,,,,
APD,0,,,,,
UL,0,,,,,
UN,0,,,,,
MUR,0,,,,,
VNO,0,,,,,
HES,0,,,,,
CTS,0,,,,,
ALK,0,,,,,
NBR,0,,,,,
COGO,0,,,,,
VIEW,0,,,,,
ARW,0,,,,,
AIT,0,,,,,
BCE,0,,,,,
AOI,0,,,,,
BP,0,,,,,
NXY,0,,,,,
CAS,0,,,,,
DBLE,0,,,,,
ESCR,0,,,,,
COHU,0,,,,,
CMC,0,,,,,
OMC,0,,,,,
ASNA,0,,,,,
GFI,0,,,,,
FLS,0,,,,,
DRCO,0,,,,,
CUB,0,,,,,
EMCI,0,,,,,
EV,0,,,,,
ELN,1,1,,,,
ELRC,0,,,,,
ESIO,0,,,,,
GV,0,,,,,
ELX,0,,,,,
SORL,0,,,,,
HL,1,1,,,,
HP,0,,,,,
WFT,0,,,,,
HFC,0,,,,,
HRL,0,,,,,
HUBB,0,,,,,
ATO,0,,,,,
IMO,0,,,,,
ENZN,0,,,,,
ENZ,0,,,,,
ERIC,0,,,,,
ESCA,0,,,,,
BOOM,0,,,,,
MAS,0,,,,,
NBS,0,,,,,
CLBS,0,,,,,
NR,0,,,,,
FITB,0,,,,,
NUE,0,,,,,
OXY,0,,,,,
OXM,0,,,,,
RF,0,,,,,
PLL,0,,,,,
PKE,0,,,,,
CLGX,0,,,,,
FMER,1,1,,,,
PBY,0,,,,,
TRMK,0,,,,,
FFCH,0,,,,,
MTB,0,,,,,
FFBC,1,1,,,,
FMBI,0,,,,,
ROG,0,,,,,
ROL,1,1,,,,
SRCE,0,,,,,
FHN,0,,,,,
SHW,0,,,,,
SCL,0,,,,,
TE,0,,,,,
LDR,0,,,,,
FST,0,,,,,
TSO,0,,,,,
ANDV,0,,,,,
FSTR,0,,,,,
FELE,0,,,,,
BEN,1,1,,,,
VAL,0,,,,,
FUL,0,,,,,
GK,0,,,,,
AJG,0,,,,,
BYI,0,,,,,
WMB,0,,,,,
HRG,0,,,,,
CHMT,0,,,,,
NVE,0,,,,,
GNTX,0,,,,,
RRD,1,1,,,,
WFC,0,,,,,
NI,0,,,,,
SMP,0,,,,,
GRZ,0,,,,,
APA,0,,,,,
MAT,0,,,,,
GGG,0,,,,,
BDX,0,,,,,
B,0,,,,,
WY,0,,,,,
CSC,1,1,,,,
DXC,0,,,,,
IFF,0,,,,,
AVP,0,,,,,
DBD,0,,,,,
TJX,0,,,,,
TXI,0,,,,,
CMI,0,,,,,
HE,0,,,,,
AMOT,0,,,,,
HWKN,0,,,,,
HCSG,0,,,,,
PH,0,,,,,
HELE,0,,,,,
CNW,0,,,,,
OMX,0,,,,,
FRM,0,,,,,
PKI,0,,,,,
WWW,0,,,,,
HNI,0,,,,,
NEU,0,,,,,
SJM,0,,,,,
MDP,0,,,,,
JBHT,0,,,,,
HBAN,0,,,,,
ATI,0,,,,,
SYNL,0,,,,,
SWK,0,,,,,
MCD,0,,,,,
SXI,0,,,,,
VFC,0,,,,,
IG,0,,,,,
TLGT,0,,,,,
IMMU,0,,,,,
BMS,0,,,,,
KMT,0,,,,,
NU,0,,,,,
AEGN,0,,,,,
TFX,0,,,,,
IDTI,0,,,,,
PULS,0,,,,,
AVY,0,,,,,
ADP,0,,,,,
IFSIA,0,,,,,
TILE,0,,,,,
DIOD,0,,,,,
SVU,0,,,,,
VHI,0,,,,,
FRX,1,1,,,,
IDCC,0,,,,,
TYC,0,,,,,
RDC,0,,,,,
CDI,0,,,,,
IVC,0,,,,,
MMC,0,,,,,
SWKS,0,,,,,
AXE,0,,,,,
EPHC,0,,,,,
SFE,0,,,,,
ITG,0,,,,,
GFF,0,,,,,
CLX,0,,,,,
GPC,0,,,,,
CBT,0,,,,,
HST,1,1,,,,
BCR,1,1,,,,
KLAC,0,,,,,
RAD,0,,,,,
KAMN,0,,,,,
KDN,0,,,,,
KELYA,0,,,,,
DFZ,0,,,,,
NYT,0,,,,,
EBF,1,1,,,,
KTCC,0,,,,,
CNA,1,1,,,,
CBB,0,,,,,
FSS,0,,,,,
KBALB,0,,,,,
KBAL,0,,,,,
HNRG,0,,,,,
ABM,0,,,,,
SGC,0,,,,,
JPM,0,,,,,
TGNA,0,,,,,
KLIC,0,,,,,
LTXC,0,,,,,
XCRA,0,,,,,
LZB,0,,,,,
UNS,0,,,,,
LRCX,0,,,,,
MCO,0,,,,,
LANC,1,1,,,,
LNCE,0,,,,,
HUM,0,,,,,
UNP,0,,,,,
LNC,0,,,,,
TGT,0,,,,,
HRB,0,,,,,
DDS,0,,,,,
LXU,0,,,,,
BK,0,,,,,
DHR,0,,,,,
PCH,0,,,,,
FNP,0,,,,,
KATE,0,,,,,
PNY,0,,,,,
RRC,0,,,,,
URS,1,1,,,,
LEE,0,,,,,
TPC,0,,,,,
TDW,1,1,,,,
FUR,0,,,,,
MTSC,0,,,,,
PEI,0,,,,,
ESL,0,,,,,
MGEE,0,,,,,
LLY,0,,,,,
SMTC,0,,,,,
MEG,1,1,,,,
WGO,0,,,,,
SNE,0,,,,,
MTW,0,,,,,
TER,0,,,,,
MCS,0,,,,,
SCI,0,,,,,
VVC,0,,,,,
PIR,0,,,,,
CCUR,0,,,,,
MXWL,0,,,,,
SYY,0,,,,,
RHI,0,,,,,
JEC,0,,,,,
THC,0,,,,,
SUP,0,,,,,
WRE,0,,,,,
EFX,0,,,,,
GWW,0,,,,,
HRC,0,,,,,
MENT,0,,,,,
WTR,0,,,,,
MCY,0,,,,,
HAS,0,,,,,
IPG,0,,,,,
BMI,0,,,,,
MEI,0,,,,,
MCRS,0,,,,,
ATX,0,,,,,
GRC,0,,,,,
MU,0,,,,,
MSCC,0,,,,,
UIL,1,1,,,,
PC,0,,,,,
MSEX,0,,,,,
FDO,1,1,,,,
MLHR,0,,,,,
PHM,0,,,,,
SJW,0,,,,,
MSA,0,,,,,
AIR,0,,,,,
MOD,0,,,,,
HTSI,0,,,,,
MOLX,0,,,,,
TRN,0,,,,,
MNR,0,,,,,
SPW,0,,,,,
SPXC,0,,,,,
RT,0,,,,,
PNM,0,,,,,
MTRN,0,,,,,
WMT,0,,,,,
NSSC,0,,,,,
NAFC,0,,,,,
LPX,0,,,,,
CAG,0,,,,,
ITW,0,,,,,
NPBC,1,1,,,,
NATR,1,1,,,,
TRC,0,,,,,
GLT,0,,,,,
NEWP,0,,,,,
BLL,0,,,,,
NKE,0,,,,,
VSH,0,,,,,
NDSN,0,,,,,
JWN,0,,,,,
AFL,0,,,,,
BOTA,0,,,,,
AVIR,0,,,,,
NTRS,0,,,,,
TEX,0,,,,,
NWN,0,,,,,
FRT,0,,,,,
GPX,0,,,,,
ASEI,0,,,,,
PKD,0,,,,,
LUV,0,,,,,
RBC,0,,,,,
LNT,0,,,,,
NEWT,0,,,,,
OII,0,,,,,
GPS,0,,,,,
KEX,0,,,,,
BRS,0,,,,,
AXP,0,,,,,
CRWS,1,1,,,,
UDR,0,,,,,
INTC,0,,,,,
KUB,0,,,,,
ORI,0,,,,,
BAC,0,,,,,
TRV,0,,,,,
WLB,0,,,,,
YRCW,0,,,,,
BTI,0,,,,,
HMC,0,,,,,
TWIN,0,,,,,
SXT,0,,,,,
OLP,0,,,,,
LDL,0,,,,,
MDT,0,,,,,
OTTR,0,,,,,
OMI,0,,,,,
SNA,0,,,,,
PNC,0,,,,,
GHM,0,,,,,
PCAR,0,,,,,
TTC,0,,,,,
CTL,0,,,,,
FDX,0,,,,,
AFG,0,,,,,
ADI,0,,,,,
LEG,0,,,,,
NWL,0,,,,,
SWX,0,,,,,
AMD,0,,,,,
PKOH,0,,,,,
DCI,0,,,,,
LOW,0,,,,,
PATK,0,,,,,
HXL,0,,,,,
PAYX,0,,,,,
AON,0,,,,,
DLX,0,,,,,
PMFG,1,1,,,,
NBL,0,,,,,
BRE,1,1,,,,
BKH,0,,,,,
PVA,0,,,,,
RAVN,0,,,,,
TMO,0,,,,,
CSX,0,,,,,
CT,0,,,,,
BXMT,0,,,,,
TMK,0,,,,,
PDCE,0,,,,,
PBT,0,,,,,
GTY,1,1,,,,
RYL,0,,,,,
SJT,0,,,,,
WST,0,,,,,
KEG,0,,,,,
AGYS,0,,,,,
DCO,0,,,,,
STS,1,1,,,,
NVO,0,,,,,
PES,0,,,,,
BRO,0,,,,,
NRT,0,,,,,
OCR,0,,,,,
POWL,0,,,,,
SWN,0,,,,,
TDS,0,,,,,
UNT,0,,,,,
PCP,0,,,,,
LUB,0,,,,,
CI,0,,,,,
CHE,0,,,,,
LTD,0,,,,,
LB,1,1,,,,
NSC,0,,,,,
PGR,1,1,,,,
NJR,0,,,,,
PL,0,,,,,
CNL,0,,,,,
MDR,0,,,,,
PSA,0,,,,,
PCYO,0,,,,,
AGX,0,,,,,
KWR,0,,,,,
D,0,,,,,
QSII,0,,,,,
KEY,0,,,,,
ASYS,0,,,,,
BLT,0,,,,,
RCMT,0,,,,,
HOV,0,,,,,
RLI,1,1,,,,
UNF,0,,,,,
RPM,0,,,,,
LM,0,,,,,
MYE,0,,,,,
AOS,0,,,,,
BLC,0,,,,,
COO,0,,,,,
TISI,0,,,,,
VZ,0,,,,,
HCN,0,,,,,
T,0,,,,,
USB,0,,,,,
HD,0,,,,,
MDC,0,,,,,
SLM,0,,,,,
WDC,0,,,,,
REXI,0,,,,,
RES,1,1,,,,
SFY,0,,,,,
AIG,0,,,,,
RELL,0,,,,,
MASC,0,,,,,
ITI,0,,,,,
RBN,0,,,,,
UTL,0,,,,,
BIG,0,,,,,
HCP,0,,,,,
TRP,0,,,,,
RGLD,0,,,,,
CMO,0,,,,,
STI,0,,,,,
NEON,0,,,,,
WRI,0,,,,,
SEIC,0,,,,,
SIGI,0,,,,,
STJ,1,1,,,,
CVC,0,,,,,
SSL,0,,,,,
MS,0,,,,,
SHLM,0,,,,,
VGZ,0,,,,,
MYL,0,,,,,
SBCF,0,,,,,
RJF,0,,,,,
BCS,0,,,,,
GG,0,,,,,
HOG,0,,,,,
KBH,0,,,,,
BDN,0,,,,,
TOL,0,,,,,
ARG,0,,,,,
APC,0,,,,,
BPL,0,,,,,
C,0,,,,,
SIAL,0,,,,,
ECL,0,,,,,
SYMM,0,,,,,
EQC,0,,,,,
MUX,0,,,,,
SFD,0,,,,,
UNM,0,,,,,
SON,0,,,,,
VSR,0,,,,,
Y,0,,,,,
ABX,0,,,,,
AWR,0,,,,,
BBT,0,,,,,
TINY,0,,,,,
TURN,0,,,,,
SPAR,0,,,,,
SEH,1,1,,,,
STAA,0,,,,,
NHC,0,,,,,
SPF,0,,,,,
CAA,0,,,,,
STT,0,,,,,
UHT,0,,,,,
STC,0,,,,,
SF,0,,,,,
SYK,0,,,,,
RGR,0,,,,,
SUPX,0,,,,,
SUSQ,1,1,,,,
TRR,0,,,,,
TECU,0,,,,,
VOXX,0,,,,,
BHI,0,,,,,
BHGE,0,,,,,
BHP,0,,,,,
FUN,0,,,,,
TEF,0,,,,,
GSK,1,1,,,,
INT,0,,,,,
TIF,0,,,,,
ABMD,0,,,,,
IEP,0,,,,,
SAN,0,,,,,
CCL,0,,,,,
MBI,0,,,,,
PII,0,,,,,
SCHW,0,,,,,
CSH,0,,,,,
GGC,0,,,,,
AXLL,0,,,,,
HAR,0,,,,,
VGR,1,1,,,,
PXD,0,,,,,
TLAB,0,,,,,
MNI,0,,,,,
DX,0,,,,,
AB,0,,,,,
MAN,0,,,,,
BID,0,,,,,
USM,0,,,,,
ACI,0,,,,,
DRE,0,,,,,
MTH,0,,,,,
BBVA,0,,,,,
RPT,0,,,,,
VOD,1,1,,,,
CEC,0,,,,,
EXM,0,,,,,
TNC,0,,,,,
MIDD,0,,,,,
SPLS,0,,,,,
SUBK,0,,,,,
SCNB,0,,,,,
ADBE,0,,,,,
MRTN,0,,,,,
AFAM,0,,,,,
ZQK,0,,,,,
ODP,0,,,,,
MERC,0,,,,,
IEX,0,,,,,
PCL,0,,,,,
CRUS,0,,,,,
FRME,0,,,,,
SYMC,0,,,,,
BPT,0,,,,,
TG,0,,,,,
CRH,0,,,,,
TEVA,0,,,,,
CGNX,0,,,,,
URRE,0,,,,,
TECH,0,,,,,
HNR,0,,,,,
MTU,0,,,,,
VTR,0,,,,,
EOG,0,,,,,
EA,0,,,,,
DGII,0,,,,,
POT,0,,,,,
SFI,0,,,,,
STAR,0,,,,,
ZIXI,0,,,,,
LSCC,0,,,,,
IMGN,0,,,,,
GIII,0,,,,,
GSBC,0,,,,,
PMTC,0,,,,,
PTC,0,,,,,
LUX,1,1,,,,
AWC,0,,,,,
NEOG,0,,,,,
HALL,0,,,,,
SURG,1,1,,,,
CSCO,0,,,,,
THO,0,,,,,
COG,0,,,,,
HOLX,0,,,,,
THOR,0,,,,,
JOE,0,,,,,
TTI,0,,,,,
VICR,0,,,,,
GVA,0,,,,,
KMPR,0,,,,,
BEAV,1,1,,,,
ORB,0,,,,,
RTI,0,,,,,
SWY,1,1,,,,
TYL,0,,,,,
KSWS,0,,,,,
XLNX,0,,,,,
ACAT,0,,,,,
ICON,0,,,,,
WTSLA,0,,,,,
WTSL,0,,,,,
RIO,0,,,,,
BHE,0,,,,,
TRMB,0,,,,,
MOLXA,0,,,,,
EXPO,0,,,,,
PRK,0,,,,,
MTRX,0,,,,,
AN,0,,,,,
WCBO,1,1,,,,
GTIM,0,,,,,
AVNR,0,,,,,
MMSI,0,,,,,
FHCO,0,,,,,
VERU,0,,,,,
ATK,0,,,,,
OA,0,,,,,
ESE,0,,,,,
LUFK,0,,,,,
CATY,0,,,,,
CVA,0,,,,,
ZAZA,0,,,,,
HMA,1,1,,,,
SONC,0,,,,,
MLI,0,,,,,
DORM,0,,,,,
ATML,1,1,,,,
PICO,0,,,,,
QDEL,0,,,,,
DEO,0,,,,,
PSB,1,1,,,,
AZO,0,,,,,
IO,0,,,,,
REGN,0,,,,,
CVH,1,1,,,,
PMCS,1,1,,,,
JNY,0,,,,,
TSS,0,,,,,
X,0,,,,,
TM,0,,,,,
ISIS,0,,,,,
IONS,0,,,,,
ANN,1,1,,,,
RDNT,0,,,,,
HBHC,0,,,,,
LCUT,0,,,,,
PNRA,0,,,,,
HNT,1,1,,,,
DV,0,,,,,
ATGE,0,,,,,
IDXX,0,,,,,
RGS,0,,,,,
AES,0,,,,,
CRVL,0,,,,,
STFC,0,,,,,
DIN,0,,,,,
ALKS,0,,,,,
VRTX,0,,,,,
MNRO,0,,,,,
PRGS,0,,,,,
HWAY,0,,,,,
TVTY,0,,,,,
ZBRA,0,,,,,
EZPW,0,,,,,
MTG,0,,,,,
HAE,0,,,,,
PRA,1,1,,,,
FIZZ,0,,,,,
BIIB,0,,,,,
BONT,0,,,,,
FCFS,0,,,,,
AAON,0,,,,,
AXAS,0,,,,,
BOKF,0,,,,,
TRXC,0,,,,,
STRL,0,,,,,
ENB,0,,,,,
ISIG,0,,,,,
MGIC,0,,,,,
VPCO,0,,,,,
NTE,0,,,,,
NTP,0,,,,,
RTK,0,,,,,
ROCM,0,,,,,
VVTV,0,,,,,
EVLV,0,,,,,
ZOOM,0,,,,,
ODFL,0,,,,,
SWS,1,1,,,,
STEI,0,,,,,
NHI,0,,,,,
TOT,0,,,,,
ATNI,0,,,,,
WRLD,0,,,,,
WNC,0,,,,,
HMN,0,,,,,
KIM,0,,,,,
OI,0,,,,,
JBSS,1,1,,,,
VTSS,0,,,,,
AMSC,0,,,,,
QCOM,0,,,,,
PRGO,0,,,,,
TTEK,0,,,,,
ONTY,0,,,,,
WETF,1,1,,,,
PHX,0,,,,,
OFC,0,,,,,
MSFG,0,,,,,
SPNC,0,,,,,
GILD,0,,,,,
ABAX,0,,,,,
WFM,0,,,,,
PDLI,0,,,,,
SMG,0,,,,,
ACFN,0,,,,,
ROP,0,,,,,
POWR,0,,,,,
SCHL,0,,,,,
SNPS,0,,,,,
ELY,0,,,,,
THFF,0,,,,,
BTX,0,,,,,
SCLN,0,,,,,
NBTB,0,,,,,
TWX,0,,,,,
FRED,0,,,,,
ICUI,0,,,,,
JACK,0,,,,,
VCI,0,,,,,
M,0,,,,,
CBK,0,,,,,
UQM,0,,,,,
MHK,0,,,,,
NCS,0,,,,,
ASUR,0,,,,,
KOPN,0,,,,,
MW,0,,,,,
TLRD,0,,,,,
TRST,0,,,,,
AGCO,0,,,,,
RNST,0,,,,,
STBA,0,,,,,
SMRT,0,,,,,
ICA,0,,,,,
TGB,0,,,,,
BKE,1,1,,,,
ABFS,0,,,,,
ARCB,0,,,,,
ALU,0,,,,,
BSX,0,,,,,
KSS,0,,,,,
OLED,0,,,,,
USPH,0,,,,,
DWCH,0,,,,,
FC,0,,,,,
FCF,0,,,,,
STE,0,,,,,
BBBY,0,,,,,
CACC,0,,,,,
DHI,0,,,,,
ESRX,0,,,,,
FINL,0,,,,,
COLB,1,1,,,,
FCEL,0,,,,,
SBUX,0,,,,,
TECUA,0,,,,,
TGA,0,,,,,
TSN,0,,,,,
LMLP,0,,,,,
MEOH,0,,,,,
SPN,0,,,,,
PX,0,,,,,
CENT,0,,,,,
WIRE,0,,,,,
KMP,1,1,,,,
HITK,0,,,,,
FBN,0,,,,,
OHI,0,,,,,
LAYN,0,,,,,
PRCP,0,,,,,
LTC,0,,,,,
ISLE,1,1,,,,
CVU,0,,,,,
CAKE,0,,,,,
ASGN,0,,,,,
LFUS,0,,,,,
BLX,0,,,,,
EFII,0,,,,,
KEM,0,,,,,
TRIB,0,,,,,
VTNR,0,,,,,
MTX,0,,,,,
CPSS,0,,,,,
PDCO,0,,,,,
RDN,0,,,,,
UFI,0,,,,,
MGA,0,,,,,
QCOR,1,1,,,,
RIMG,0,,,,,
QUMU,0,,,,,
ZOLT,0,,,,,
NAVB,0,,,,,
BIOL,0,,,,,
KAI,0,,,,,
LGND,0,,,,,
TCO,1,1,,,,
GURE,0,,,,,
CKH,0,,,,,
CPWR,0,,,,,
MNTG,1,1,,,,
HMSY,0,,,,,
EZCH,0,,,,,
SM,0,,,,,
BBOX,0,,,,,
PQ,0,,,,,
PESI,0,,,,,
PMTI,1,1,,,,
SHFL,0,,,,,
ATTU,0,,,,,
UVE,1,1,,,,
ULBI,0,,,,,
AEM,0,,,,,
APAGF,0,,,,,
RCI,0,,,,,
STKL,0,,,,,
TARO,0,,,,,
OPY,0,,,,,
ORBK,0,,,,,
RADA,0,,,,,
DDD,0,,,,,
QLTI,0,,,,,
NVLN,0,,,,,
UFCS,0,,,,,
HWD,0,,,,,
DDC,0,,,,,
OFIX,0,,,,,
SPNS,0,,,,,
COT,0,,,,,
UMBF,0,,,,,
IACI,0,,,,,
IAC,0,,,,,
EGY,0,,,,,
CREE,0,,,,,
CRY,0,,,,,
CHK,0,,,,,
CYBX,0,,,,,
PEBO,0,,,,,
UEIC,0,,,,,
WPI,0,,,,,
DDR,0,,,,,
ELS,0,,,,,
ALG,0,,,,,
AVID,0,,,,,
UAMY,0,,,,,
CHS,0,,,,,
GILT,0,,,,,
INTU,0,,,,,
JAH,1,1,,,,
LSTR,0,,,,,
MAGS,0,,,,,
MCHP,0,,,,,
DEST,0,,,,,
PSUN,0,,,,,
SCON,0,,,,,
SCVL,0,,,,,
SYBT,0,,,,,
VICL,0,,,,,
RPRX,0,,,,,
CHDN,0,,,,,
ETH,0,,,,,
USEG,0,,,,,
ACE,0,,,,,
FOSL,0,,,,,
JBL,0,,,,,
ORLY,0,,,,,
SANM,0,,,,,
TCBK,0,,,,,
AMRN,0,,,,,
GGP,0,,,,,
ATR,0,,,,,
RCL,0,,,,,
ANIK,0,,,,,
GABC,0,,,,,
PERY,0,,,,,
TWI,0,,,,,
RGA,0,,,,,
HR,0,,,,,
AKR,0,,,,,
RIG,0,,,,,
SKT,0,,,,,
USG,0,,,,,
THRM,0,,,,,
BBSI,0,,,,,
FLIR,0,,,,,
CXPO,0,,,,,
PZZA,0,,,,,
USTR,0,,,,,
ESND,0,,,,,
SHLO,0,,,,,
CHKE,0,,,,,
ALL,0,,,,,
LBY,0,,,,,
SGMS,0,,,,,
YPF,0,,,,,
AZN,0,,,,,
FDEF,0,,,,,
PETM,0,,,,,
SIM,0,,,,,
SGY,0,,,,,
PPS,0,,,,,
CPT,0,,,,,
SHI,0,,,,,
INOD,0,,,,,
MCRI,0,,,,,
OXGN,0,,,,,
MATN,0,,,,,
BWA,0,,,,,
EQR,1,1,,,,
ARRS,0,,,,,
FTEK,0,,,,,
GMCR,0,,,,,
MOV,0,,,,,
RAVE,0,,,,,
UTEK,1,1,,,,
GSS,0,,,,,
UHS,0,,,,,
KOF,0,,,,,
CLP,0,,,,,
OKS,0,,,,,
SQM,1,1,,,,
BKS,0,,,,,
BDC,0,,,,,
ZLC,0,,,,,
ATVI,0,,,,,
DECK,0,,,,,
IT,0,,,,,
OMG,0,,,,,
PRE,0,,,,,
QCRH,0,,,,,
RVSB,0,,,,,
UBSH,0,,,,,
BYD,0,,,,,
ENI,0,,,,,
ENIA,0,,,,,
LXP,0,,,,,
CBL,0,,,,,
REG,0,,,,,
NYNY,0,,,,,
CNTY,0,,,,,
ASCA,0,,,,,
AF,0,,,,,
ATMI,0,,,,,
FFIN,0,,,,,
ITRI,0,,,,,
FWRD,0,,,,,
OSBC,0,,,,,
PAL,0,,,,,
PTEN,0,,,,,
NYCB,0,,,,,
ROCK,0,,,,,
SCHN,0,,,,,
UFPI,0,,,,,
JDSU,0,,,,,
VIAV,0,,,,,
URBN,0,,,,,
WMAR,0,,,,,
AEC,0,,,,,
BFR,0,,,,,
HHS,0,,,,,
INCY,0,,,,,
MHO,0,,,,,
NFX,0,,,,,
OKSB,1,1,,,,
PLNR,0,,,,,
PRKR,0,,,,,
SHAW,1,1,,,,
SHOO,0,,,,,
TQNT,0,,,,,
MED,0,,,,,
ARWR,0,,,,,
SU,0,,,,,
VLY,0,,,,,
CYT,0,,,,,
EMN,0,,,,,
TV,0,,,,,
SPG,0,,,,,
SUI,0,,,,,
CACB,1,1,,,,
CGI,0,,,,,
MLNK,0,,,,,
VMI,0,,,,,
HAIN,0,,,,,
GRT,1,1,,,,
MAA,0,,,,,
PLT,0,,,,,
ALB,0,,,,,
BZH,0,,,,,
IFN,1,1,,,,
MLM,0,,,,,
RYN,0,,,,,
BPFH,0,,,,,
DAKT,1,1,,,,
DSPG,0,,,,,
ARTX,0,,,,,
MINI,0,,,,,
QLGC,1,1,,,,
SILC,0,,,,,
TSCO,0,,,,,
EMMS,0,,,,,
AKS,0,,,,,
BCRX,0,,,,,
VRX,0,,,,,
CBR,0,,,,,
CPRT,0,,,,,
FLEX,0,,,,,
MPAA,0,,,,,
NNBR,0,,,,,
RKT,1,1,,,,
SCSC,0,,,,,
RVLT,0,,,,,
ZEUS,0,,,,,
AVB,0,,,,,
MAC,1,1,,,,
EXP,0,,,,,
AEO,0,,,,,
DARA,1,1,,,,
VVUS,0,,,,,
ABCB,0,,,,,
DSCI,0,,,,,
SYPR,0,,,,,
NKTR,0,,,,,
JOSB,0,,,,,
MMR,1,1,,,,
NPSP,0,,,,,
PENN,0,,,,,
PSSI,0,,,,,
PULB,0,,,,,
SSD,0,,,,,
BTH,0,,,,,
CGX,1,1,,,,
COB,1,1,,,,
IMAX,0,,,,,
MBND,0,,,,,
LJPC,0,,,,,
DOM,0,,,,,
ESS,0,,,,,
FGP,0,,,,,
FR,0,,,,,
HIW,0,,,,,
LRY,0,,,,,
LPT,0,,,,,
AIV,0,,,,,
EOC,0,,,,,
EOCC,0,,,,,
GBX,0,,,,,
HME,0,,,,,
FCH,0,,,,,
MATW,0,,,,,
GEO,0,,,,,
CLI,0,,,,,
ADTN,0,,,,,
AMED,0,,,,,
CHDX,0,,,,,
EFOI,0,,,,,
MLR,0,,,,,
WAVX,0,,,,,
NTT,0,,,,,
RS,0,,,,,
TGE,0,,,,,
ARIA,0,,,,,
SIRI,0,,,,,
CPE,0,,,,,
DAR,0,,,,,
MTSN,0,,,,,
AZPN,0,,,,,
CETV,0,,,,,
CVTI,0,,,,,
LION,1,1,,,,
SSYS,0,,,,,
TSEM,0,,,,,
HNP,0,,,,,
KEP,0,,,,,
PKX,0,,,,,
O,0,,,,,
COF,0,,,,,
MCK,0,,,,,
TGS,0,,,,,
UHAL,0,,,,,
HDSN,0,,,,,
NWBI,1,1,,,,
ROYL,0,,,,,
VECO,0,,,,,
IRS,0,,,,,
ESI,0,,,,,
STM,0,,,,,
TEO,0,,,,,
CYD,1,1,,,,
APOL,0,,,,,
MCRL,0,,,,,
MIND,0,,,,,
SWC,0,,,,,
VISI,0,,,,,
NSIT,0,,,,,
RCII,0,,,,,
BRKS,0,,,,,
INTL,0,,,,,
ISSI,0,,,,,
ACIW,0,,,,,
BMO,0,,,,,
TRK,0,,,,,
WDFC,0,,,,,
ASML,0,,,,,
DLTR,0,,,,,
NATI,0,,,,,
APU,0,,,,,
MDCA,0,,,,,
ANAD,0,,,,,
ABC,0,,,,,
MBFI,0,,,,,
IBKC,0,,,,,
PCMI,0,,,,,
WAFD,1,1,,,,
CBZ,0,,,,,
AGU,0,,,,,
CWCO,0,,,,,
HDNG,0,,,,,
HLIT,0,,,,,
DRI,0,,,,,
MDY,0,,,,,
SYX,0,,,,,
HA,0,,,,,
PT,0,,,,,
SSS,0,,,,,
WAB,0,,,,,
LECO,0,,,,,
DISH,0,,,,,
FEIC,0,,,,,
NHTC,1,1,,,,
PAAS,0,,,,,
RMD,0,,,,,
SBGI,0,,,,,
TXCC,0,,,,,
FCX,1,1,,,,
WFR,0,,,,,
SUNE,0,,,,,
TK,0,,,,,
CAM,1,1,,,,
AVX,0,,,,,
HPT,0,,,,,
GTI,0,,,,,
WABC,0,,,,,
DSCO,0,,,,,
WINT,0,,,,,
ADMP,0,,,,,
BREW,0,,,,,
IART,0,,,,,
DNR,0,,,,,
KFRC,0,,,,,
RWT,0,,,,,
BTN,0,,,,,
GSIG,0,,,,,
NOVT,0,,,,,
CVO,0,,,,,
MD,0,,,,,
ACGL,0,,,,,
SMSI,0,,,,,
CRAY,0,,,,,
THG,0,,,,,
DO,1,1,,,,
RE,0,,,,,
DVA,0,,,,,
BAP,0,,,,,
ERIE,0,,,,,
MYGN,0,,,,,
PCYC,1,1,,,,
POOL,0,,,,,
RICK,0,,,,,
RSYS,0,,,,,
OGXI,0,,,,,
WLT,0,,,,,
NMRX,0,,,,,
ADVS,0,,,,,
AEIS,0,,,,,
ASFI,0,,,,,
BLDP,0,,,,,
OPK,0,,,,,
FFIC,0,,,,,
BANR,1,1,,,,
HSIC,0,,,,,
IVAC,0,,,,,
NTAP,0,,,,,
NWPX,0,,,,,
PRXL,0,,,,,
SNDK,1,1,,,,
SAM,0,,,,,
E,0,,,,,
ESC,0,,,,,
IMH,0,,,,,
EL,0,,,,,
LXK,0,,,,,
MIG,0,,,,,
TLK,1,1,,,,
SWM,0,,,,,
WAT,0,,,,,
RY,0,,,,,
CLB,0,,,,,
ADEP,0,,,,,
TGTX,0,,,,,
CTXS,0,,,,,
EME,0,,,,,
RDEN,0,,,,,
IPXL,0,,,,,
ACCL,0,,,,,
SGU,0,,,,,
ASTC,0,,,,,
NUAN,0,,,,,
WSTL,0,,,,,
HIG,0,,,,,
MSM,1,1,,,,
NVAX,0,,,,,
SCCO,0,,,,,
IDRA,0,,,,,
LCAV,0,,,,,
NICE,0,,,,,
INSY,0,,,,,
OTEX,0,,,,,
TTNP,0,,,,,
EE,0,,,,,
REV,0,,,,,
SPH,0,,,,,
WSM,0,,,,,
ALXN,0,,,,,
ANDE,0,,,,,
ARTC,0,,,,,
CMCO,0,,,,,
CPTS,0,,,,,
CSGS,0,,,,,
DGIT,1,1,,,,
IRM,0,,,,,
LNDC,0,,,,,
BAGL,0,,,,,
DST,0,,,,,
CCJ,0,,,,,
EWA,0,,,,,
EWK,0,,,,,
EWC,0,,,,,
EWQ,0,,,,,
EWG,0,,,,,
EWH,0,,,,,
EWI,0,,,,,
EWL,0,,,,,
EWD,0,,,,,
EWP,0,,,,,
EWS,0,,,,,
EWN,0,,,,,
EWW,0,,,,,
EWM,1,1,,,,
EWJ,0,,,,,
CENX,0,,,,,
CIMT,0,,,,,
HUBG,0,,,,,
ELNK,1,1,,,,
PRGX,0,,,,,
PGI,0,,,,,
ASTX,0,,,,,
CRR,0,,,,,
TCX,0,,,,,
KVHI,0,,,,,
STRM,0,,,,,
PLCM,0,,,,,
EPM,0,,,,,
SAPE,0,,,,,
SASR,0,,,,,
DF,1,1,,,,
SYKE,0,,,,,
YHOO,0,,,,,
BVN,0,,,,,
GSH,0,,,,,
TUP,0,,,,,
ARTNA,0,,,,,
EXAC,0,,,,,
BSF,0,,,,,
FCN,0,,,,,
JAKK,0,,,,,
MGAM,0,,,,,
NBIX,0,,,,,
ONXX,0,,,,,
SRZ,1,1,,,,
TAXI,0,,,,,
MFIN,0,,,,,
FDS,0,,,,,
WOR,0,,,,,
IMN,0,,,,,
SKM,0,,,,,
AFFX,0,,,,,
ANSS,0,,,,,
ELGX,0,,,,,
CHKP,0,,,,,
FLML,0,,,,,
AVDL,0,,,,,
FXEN,0,,,,,
GWR,0,,,,,
TBI,0,,,,,
QGEN,1,1,,,,
TIE,0,,,,,
FFG,1,1,,,,
RNR,0,,,,,
CASS,1,1,,,,
GERN,0,,,,,
OCFC,0,,,,,
PEGA,0,,,,,
STRA,0,,,,,
DCOM,0,,,,,
GES,0,,,,,
LVB,0,,,,,
WG,0,,,,,
TD,0,,,,,
AWRE,0,,,,,
CSV,0,,,,,
ETFC,0,,,,,
LAMR,0,,,,,
BIOS,0,,,,,
MVIS,0,,,,,
SNBC,0,,,,,
SRCL,0,,,,,
SSRI,0,,,,,
SSRM,0,,,,,
TACT,0,,,,,
TTEC,0,,,,,
CYMI,1,1,,,,
HOTT,0,,,,,
SPPI,0,,,,,
RSTI,0,,,,,
ANF,0,,,,,
FMS,0,,,,,
IRE,0,,,,,
OCN,0,,,,,
USNA,0,,,,,
NOV,0,,,,,
TGI,0,,,,,
PAG,0,,,,,
ARQL,0,,,,,
CBST,0,,,,,
BJRI,0,,,,,
DRD,0,,,,,
HMY,0,,,,,
HIBB,0,,,,,
NCI,0,,,,,
ZION,0,,,,,
GEL,0,,,,,
IM,0,,,,,
NUS,0,,,,,
SSP,0,,,,,
CNH,0,,,,,
CNI,0,,,,,
AXDX,0,,,,,
DAVE,0,,,,,
FORR,0,,,,,
ISCA,0,,,,,
SEAC,0,,,,,
STLD,0,,,,,
STNR,0,,,,,
UNFI,0,,,,,
VPHM,0,,,,,
LAD,0,,,,,
IGTE,0,,,,,
SNAK,0,,,,,
PWAV,0,,,,,
TESO,0,,,,,
MWW,0,,,,,
VSAT,0,,,,,
CVD,1,1,,,,
DEL,0,,,,,
NCR,0,,,,,
DGX,0,,,,,
TEN,0,,,,,
ROK,0,,,,,
NSP,1,1,,,,
BSAC,0,,,,,
SCBT,0,,,,,
SSB,0,,,,,
KRC,0,,,,,
SPY,0,,,,,
WWD,0,,,,,
CERS,0,,,,,
CWTR,0,,,,,
SNHY,0,,,,,
ASTM,0,,,,,
VCEL,0,,,,,
CIEN,0,,,,,
EPIQ,0,,,,,
BPZ,0,,,,,
SLGN,1,1,,,,
VLCCF,0,,,,,
GOGL,0,,,,,
PTX,0,,,,,
RAH,0,,,,,
MTN,0,,,,,
AMTD,0,,,,,
CRESY,0,,,,,
CTIC,0,,,,,
EEFT,0,,,,,
EMKR,0,,,,,
LOGI,0,,,,,
ROVI,0,,,,,
WTFC,0,,,,,
RIC,0,,,,,
CBI,0,,,,,
ALV,0,,,,,
LNG,0,,,,,
FBC,0,,,,,
GIFI,0,,,,,
TTWO,0,,,,,
ARE,0,,,,,
APH,0,,,,,
CGV,0,,,,,
CGG,0,,,,,
BGC,0,,,,,
KNL,0,,,,,
AMZN,0,,,,,
MIL,0,,,,,
MFCB,0,,,,,
RMBS,0,,,,,
RYAAY,1,1,,,,
SRPT,0,,,,,
KMG,0,,,,,
PPBI,0,,,,,
RFMD,0,,,,,
QRVO,0,,,,,
SLP,0,,,,,
BXP,1,1,,,,
FIX,0,,,,,
MMS,0,,,,,
RL,0,,,,,
SRT,0,,,,,
REIS,0,,,,,
ING,0,,,,,
EGP,0,,,,,
HLX,0,,,,,
AEG,0,,,,,
OUTR,0,,,,,
DXPE,0,,,,,
EGHT,0,,,,,
OZRK,0,,,,,
SIRO,0,,,,,
SYNM,0,,,,,
CXW,0,,,,,
ZNH,0,,,,,
ELP,1,1,,,,
JLL,0,,,,,
ABV,1,1,,,,
ABEV,1,1,,,,
AME,0,,,,,
BAM,0,,,,,
MT,0,,,,,
SLG,0,,,,,
VLO,0,,,,,
ACAS,1,1,,,,
CRZO,0,,,,,
EDAP,0,,,,,
GCOM,0,,,,,
LKFN,0,,,,,
SYNT,0,,,,,
HMNY,0,,,,,
HILL,0,,,,,
NAT,1,1,,,,
YUM,0,,,,,
MTOR,0,,,,,
FARO,0,,,,,
PLCE,0,,,,,
PSMT,0,,,,,
SIGA,0,,,,,
VCBI,0,,,,,
NLY,0,,,,,
CAC,0,,,,,
CSU,0,,,,,
CHL,1,1,,,,
DRQ,0,,,,,
FTE,0,,,,,
ORAN,0,,,,,
RHP,0,,,,,
GPI,0,,,,,
SRI,0,,,,,
TSM,0,,,,,
IN,0,,,,,
FDP,0,,,,,
CHRW,0,,,,,
CWST,0,,,,,
IRET,1,1,,,,
OSIS,0,,,,,
PSEM,0,,,,,
INVE,0,,,,,
GEVA,1,1,,,,
PWER,0,,,,,
CHH,0,,,,,
AMCC,1,1,,,,
CTHR,0,,,,,
IBCA,0,,,,,
GEOS,0,,,,,
CDZI,0,,,,,
PGNX,0,,,,,
ECTE,0,,,,,
RNWK,0,,,,,
PLD,0,,,,,
AMG,0,,,,,
SID,1,1,,,,
EPR,0,,,,,
LFL,0,,,,,
MTD,0,,,,,
SAH,0,,,,,
ADSK,0,,,,,
TLM,0,,,,,
CM,0,,,,,
INGR,0,,,,,
AI,0,,,,,
URI,0,,,,,
AMSG,0,,,,,
DEPO,0,,,,,
NYMX,0,,,,,
POWI,0,,,,,
CECO,0,,,,,
DENN,0,,,,,
HFWA,1,1,,,,
MRCY,0,,,,,
MRGE,0,,,,,
BBCN,0,,,,,
HOPE,0,,,,,
RMTI,0,,,,,
VRSN,0,,,,,
WPC,1,1,,,,
DIA,0,,,,,
RAS,0,,,,,
BXS,0,,,,,
PWR,0,,,,,
SCS,0,,,,,
JST,0,,,,,
BRKL,0,,,,,
COLM,0,,,,,
IBOC,0,,,,,
PCCC,0,,,,,
CNXN,0,,,,,
SHPG,0,,,,,
SRDX,0,,,,,
ANH,0,,,,,
GRA,0,,,,,
WAC,0,,,,,
MAR,0,,,,,
BBY,1,1,,,,
RBA,0,,,,,
SEE,0,,,,,
WDR,0,,,,,
YZC,0,,,,,
MFA,0,,,,,
RLH,0,,,,,
LHO,0,,,,,
OME,0,,,,,
ARMH,1,1,,,,
BRCM,1,1,,,,
CRAI,0,,,,,
LVLT,1,1,,,,
MANH,0,,,,,
FNFG,1,1,,,,
UMPQ,0,,,,,
EQY,0,,,,,
LLL,0,,,,,
IOSP,0,,,,,
SHS,0,,,,,
HW,0,,,,,
AMKR,0,,,,,
HCKT,0,,,,,
AXTI,0,,,,,
EVOL,0,,,,,
PLX,0,,,,,
SBSI,1,1,,,,
BDE,0,,,,,
CLAR,0,,,,,
FII,1,1,,,,
EEP,0,,,,,
AMT,0,,,,,
CLS,0,,,,,
GIL,0,,,,,
ENG,0,,,,,
BMTC,0,,,,,
HZO,0,,,,,
SRE,0,,,,,
DOX,0,,,,,
BEBE,0,,,,,
CMLS,0,,,,,
COBZ,0,,,,,
CTSH,0,,,,,
PEIX,0,,,,,
LMIA,0,,,,,
MIPS,0,,,,,
SCHS,0,,,,,
ULTI,0,,,,,
MSTR,0,,,,,
SJR,0,,,,,
EPD,0,,,,,
RSG,0,,,,,
USU,0,,,,,
BIRT,0,,,,,
BELFB,0,,,,,
CEDC,0,,,,,
CFNL,0,,,,,
ELON,0,,,,,
RBCAA,0,,,,,
CSGP,0,,,,,
UCFC,0,,,,,
HTBK,0,,,,,
CVG,0,,,,,
UBA,0,,,,,
XL,0,,,,,
DRIV,0,,,,,
CCI,0,,,,,
AU,0,,,,,
EBAY,0,,,,,
IXYS,0,,,,,
GIB,0,,,,,
BUSE,0,,,,,
CCNE,0,,,,,
PB,0,,,,,
FNHC,0,,,,,
WIBC,0,,,,,
INO,0,,,,,
XLB,0,,,,,
XLV,0,,,,,
XLP,0,,,,,
XLY,0,,,,,
XLE,0,,,,,
XLF,0,,,,,
XLI,0,,,,,
XLK,0,,,,,
XLU,0,,,,,
RFIL,0,,,,,
SCSS,0,,,,,
SNBR,0,,,,,
CNQR,0,,,,,
BCOR,0,,,,,
AXL,0,,,,,
ETM,1,1,,,,
HT,0,,,,,
GDEN,0,,,,,
NVDA,0,,,,,
NVGN,0,,,,,
PBNY,0,,,,,
KFY,0,,,,,
CRBC,0,,,,,
AMRI,0,,,,,
COCO,0,,,,,
EPAY,0,,,,,
EWBC,0,,,,,
CEB,1,1,,,,
RIMM,0,,,,,
BBRY,0,,,,,
BB,0,,,,,
QQQ,0,,,,,
KWK,0,,,,,
ABTL,0,,,,,
AUTO,0,,,,,
INFY,0,,,,,
MKSI,0,,,,,
PCLN,0,,,,,
YDKN,0,,,,,
CNX,0,,,,,
HGT,0,,,,,
JEF,0,,,,,
SFG,0,,,,,
TREX,0,,,,,
AMNB,0,,,,,
ATLC,0,,,,,
CFFN,0,,,,,
EXTR,0,,,,,
HSII,0,,,,,
INFA,0,,,,,
PLXT,0,,,,,
TUES,0,,,,,
GS,0,,,,,
KT,0,,,,,
WCC,0,,,,,
BRCD,0,,,,,
NLS,0,,,,,
CBU,0,,,,,
LPNT,0,,,,,
TCP,0,,,,,
TWTC,1,1,,,,
AUDC,0,,,,,
BPO,0,,,,,
RAI,1,1,,,,
SKX,0,,,,,
FFIV,0,,,,,
FISI,0,,,,,
JNPR,0,,,,,
ORCC,0,,,,,
MEET,0,,,,,
PTRY,0,,,,,
SBAC,0,,,,,
STMP,0,,,,,
UTHR,0,,,,,
BSRR,0,,,,,
IDSY,0,,,,,
PVTB,1,1,,,,
HBC,0,,,,,
HSBC,0,,,,,
LII,0,,,,,
QTM,0,,,,,
LRAD,0,,,,,
COST,0,,,,,
BMRN,0,,,,,
CYRN,0,,,,,
EGOV,0,,,,,
FNLC,1,1,,,,
HCBK,1,1,,,,
JCOM,0,,,,,
ECPG,0,,,,,
MDRX,0,,,,,
VHC,0,,,,,
PRFT,0,,,,,
TIBX,0,,,,,
MBWM,1,1,,,,
SALM,0,,,,,
NOK,1,1,,,,
DVN,0,,,,,
FCS,0,,,,,
DTLK,0,,,,,
FLWS,0,,,,,
MOVE,0,,,,,
ICGE,0,,,,,
ACTA,0,,,,,
LIOX,0,,,,,
NTCT,0,,,,,
RHT,0,,,,,
ARLP,0,,,,,
IIJI,0,,,,,
CX,0,,,,,
MFC,0,,,,,
OMN,0,,,,,
EGAN,0,,,,,
INAP,0,,,,,
KEYN,0,,,,,
RDWR,0,,,,,
UNTD,1,1,,,,
ININ,0,,,,,
BLK,0,,,,,
CIR,0,,,,,
MSO,1,1,,,,
NBG,0,,,,,
NGG,0,,,,,
SNH,0,,,,,
UGP,0,,,,,
AKAM,0,,,,,
BSQR,0,,,,,
EGBN,0,,,,,
GAIA,0,,,,,
PLUG,0,,,,,
SCMR,0,,,,,
SIFY,0,,,,,
SIMG,0,,,,,
WWE,0,,,,,
PCTI,0,,,,,
QUIK,0,,,,,
ALSK,0,,,,,
CLCT,0,,,,,
CTEL,0,,,,,
HKTV,0,,,,,
FNSR,0,,,,,
IMMR,0,,,,,
RTEC,0,,,,,
DW,0,,,,,
LCII,0,,,,,
KTOS,0,,,,,
A,0,,,,,
SNN,0,,,,,
TDY,0,,,,,
UPS,0,,,,,
HBP,0,,,,,
BGCP,0,,,,,
XOXO,0,,,,,
MCBC,0,,,,,
NTWK,0,,,,,
PFSW,0,,,,,
APL,1,1,,,,
RDI,0,,,,,
PZE,0,,,,,
PKG,0,,,,,
AGEN,0,,,,,
VRNM,0,,,,,
MATR,0,,,,,
GIGM,0,,,,,
ISIL,0,,,,,
LBAI,0,,,,,
SQNM,0,,,,,
PTBI,0,,,,,
ABEO,0,,,,,
EW,0,,,,,
EMAN,0,,,,,
EPC,0,,,,,
IBN,1,1,,,,
SLF,0,,,,,
EXAR,0,,,,,
EXPD,0,,,,,
IIIN,1,1,,,,
ASIA,0,,,,,
ALVR,0,,,,,
GTIV,1,1,,,,
ITMN,0,,,,,
LMNX,0,,,,,
SLAB,0,,,,,
STSI,0,,,,,
RCPI,0,,,,,
UTSI,0,,,,,
WBSN,0,,,,,
APT,0,,,,,
NDZ,0,,,,,
MET,0,,,,,
PTR,0,,,,,
GLCH,0,,,,,
GBCI,0,,,,,
MNST,0,,,,,
RPTP,0,,,,,
CCMP,0,,,,,
EXEL,0,,,,,
HSTM,0,,,,,
KKD,0,,,,,
LXRX,0,,,,,
LPSN,0,,,,,
APRI,0,,,,,
NVMI,0,,,,,
ONNN,0,,,,,
ON,0,,,,,
SABA,0,,,,,
SGMO,0,,,,,
SINA,0,,,,,
FULT,0,,,,,
VDSI,0,,,,,
VCLK,0,,,,,
CNVR,1,1,,,,
CLSN,0,,,,,
EWY,0,,,,,
IVV,0,,,,,
IVW,0,,,,,
IVE,0,,,,,
IJH,0,,,,,
IWD,0,,,,,
IWF,0,,,,,
IWB,0,,,,,
IWM,0,,,,,
IWV,0,,,,,
IYZ,0,,,,,
IYW,0,,,,,
IYF,0,,,,,
IJR,0,,,,,
NVS,0,,,,,
OUBS,0,,,,,
AEZS,0,,,,,
CRWN,0,,,,,
PHMD,0,,,,,
PXLW,0,,,,,
SONS,0,,,,,
RBBN,0,,,,,
SWIR,0,,,,,
SCOK,0,,,,,
CETC,0,,,,,
BHLB,0,,,,,
CRL,0,,,,,
CHU,0,,,,,
CYH,0,,,,,
EWT,0,,,,,
IDU,0,,,,,
IYR,0,,,,,
IYJ,0,,,,,
IYH,0,,,,,
IYG,0,,,,,
IYE,0,,,,,
IYM,0,,,,,
MVC,0,,,,,
MBT,0,,,,,
PUK,0,,,,,
JNS,0,,,,,
VC,0,,,,,
CKSW,0,,,,,
CPHD,0,,,,,
DNDN,0,,,,,
PACW,0,,,,,
INSM,0,,,,,
ISRG,0,,,,,
IGOI,0,,,,,
MRVL,0,,,,,
NTES,0,,,,,
PCBK,1,1,,,,
REDF,0,,,,,
ROIAK,0,,,,,
UONEK,0,,,,,
NNN,0,,,,,
NTRI,0,,,,,
CNQ,0,,,,,
ERJ,0,,,,,
EWZ,0,,,,,
EZU,0,,,,,
IJK,0,,,,,
IWN,0,,,,,
IWO,0,,,,,
IJJ,0,,,,,
IEV,0,,,,,
IJS,0,,,,,
IJT,0,,,,,
TKC,0,,,,,
ACLS,0,,,,,
ARNA,0,,,,,
CAMT,0,,,,,
INFI,0,,,,,
ENDP,0,,,,,
ENTG,0,,,,,
GGAL,0,,,,,
ILMN,0,,,,,
KERX,0,,,,,
OVTI,0,,,,,
PTIE,0,,,,,
SMTX,0,,,,,
SPRT,0,,,,,
VASC,0,,,,,
EVC,1,1,,,,
PHG,0,,,,,
PBR,0,,,,,
TCL,0,,,,,
OEH,0,,,,,
BEL,0,,,,,
ACPW,0,,,,,
PIOI,0,,,,,
BRKR,0,,,,,
CGEN,0,,,,,
CRIS,0,,,,,
DYAX,1,1,,,,
MNDL,0,,,,,
APPS,0,,,,,
CRNT,0,,,,,
ISSC,0,,,,,
IVAN,0,,,,,
MDCO,0,,,,,
RTIX,0,,,,,
SPTN,0,,,,,
TSYS,0,,,,,
DNB,0,,,,,
ASR,1,1,,,,
PSO,0,,,,,
POL,0,,,,,
DGT,0,,,,,
UMC,1,1,,,,
GB,0,,,,,
ITGR,0,,,,,
VRML,0,,,,,
DRRX,0,,,,,
SPIL,1,1,,,,
STEC,0,,,,,
TTMI,0,,,,,
ASX,0,,,,,
SNP,0,,,,,
COH,0,,,,,
TPR,0,,,,,
JKHY,0,,,,,
MON,0,,,,,
BRFS,1,1,,,,
WIT,0,,,,,
HYGS,0,,,,,
OPLK,0,,,,,
POZN,0,,,,,
ARLZ,0,,,,,
SHEN,0,,,,,
XXIA,0,,,,,
ICAD,0,,,,,
AFOP,0,,,,,
ARRY,0,,,,,
BKMU,0,,,,,
HTCH,0,,,,,
NVTL,0,,,,,
MIFI,0,,,,,
INSG,0,,,,,
RIGL,0,,,,,
SLXP,0,,,,,
UTIW,0,,,,,
EPL,0,,,,,
ERF,0,,,,,
PGC,0,,,,,
SYT,0,,,,,
GRMN,0,,,,,
HBIO,0,,,,,
RECN,0,,,,,
AET,0,,,,,
FLR,0,,,,,
IOO,0,,,,,
YORW,0,,,,,
ALGN,0,,,,,
EXAS,0,,,,,
HAFC,0,,,,,
EQU,0,,,,,
MCF,0,,,,,
GPN,0,,,,,
AMX,0,,,,,
CEO,0,,,,,
IBB,0,,,,,
ICF,0,,,,,
MPX,1,1,,,,
OIS,0,,,,,
MMP,0,,,,,
ATRS,0,,,,,
CSFL,0,,,,,
IBCP,0,,,,,
FLO,0,,,,,
IGM,0,,,,,
SI,0,,,,,
AFCE,0,,,,,
PLKI,0,,,,,
FCBC,0,,,,,
GMXR,0,,,,,
SGEN,0,,,,,
ABB,0,,,,,
RDY,0,,,,,
DEG,0,,,,,
NS,0,,,,,
RWR,0,,,,,
DGICA,0,,,,,
FSCI,0,,,,,
GLPW,0,,,,,
IDT,0,,,,,
KMR,0,,,,,
ADS,0,,,,,
FIS,0,,,,,
MDLZ,0,,,,,
PNX,0,,,,,
COL,0,,,,,
STO,0,,,,,
WSH,0,,,,,
WLTW,0,,,,,
MOSY,0,,,,,
TASR,0,,,,,
AAXN,0,,,,,
BABY,0,,,,,
NRGY,0,,,,,
CEQP,0,,,,,
PDFS,0,,,,,
AIQ,0,,,,,
HDB,0,,,,,
IWS,0,,,,,
IWP,0,,,,,
IWR,0,,,,,
IGV,0,,,,,
SOXX,0,,,,,
IGN,0,,,,,
ZMH,0,,,,,
ZBH,0,,,,,
ACN,0,,,,,
FALC,0,,,,,
GLAD,0,,,,,
JOY,0,,,,,
ALTE,1,1,,,,
OMCL,0,,,,,
CP,0,,,,,
EFA,0,,,,,
ECA,0,,,,,
BG,0,,,,,
FRO,0,,,,,
CS,1,1,,,,
CCRN,0,,,,,
CHFN,1,1,,,,
DCTH,0,,,,,
GIVN,0,,,,,
ONCY,0,,,,,
WLP,0,,,,,
ANTM,0,,,,,
EPP,0,,,,,
IGE,0,,,,,
ILF,0,,,,,
PVR,1,1,,,,
PFG,0,,,,,
VE,0,,,,,
DB,0,,,,,
ABCO,0,,,,,
KND,0,,,,,
MCGC,1,1,,,,
WOOF,0,,,,,
AHS,0,,,,,
AMN,0,,,,,
AYI,0,,,,,
AAP,0,,,,,
ALR,0,,,,,
IXP,0,,,,,
IXJ,0,,,,,
IXC,0,,,,,
KB,0,,,,,
LYG,1,1,,,,
WTW,0,,,,,
ACH,0,,,,,
FVE,0,,,,,
NMR,0,,,,,
PRU,0,,,,,
WFD,1,1,,,,
WNEB,0,,,,,
CNC,0,,,,,
NWBO,0,,,,,
VXF,0,,,,,
SSI,0,,,,,
SYNA,0,,,,,
STEL,0,,,,,
CCOI,1,1,,,,
GME,0,,,,,
SXL,0,,,,,
MANT,0,,,,,
EPAX,0,,,,,
UCBI,0,,,,,
ABG,0,,,,,
CQB,0,,,,,
VALE,1,1,,,,
DCM,0,,,,,
TNP,0,,,,,
JBLU,0,,,,,
LCI,0,,,,,
SAP,0,,,,,
CKEC,0,,,,,
CPSI,0,,,,,
NFLX,0,,,,,
OSTK,0,,,,,
PNFP,0,,,,,
VRNT,0,,,,,
AUO,1,1,,,,
ARO,0,,,,,
SBS,0,,,,,
NPO,0,,,,,
TVL,0,,,,,
MWE,1,1,,,,
RGC,1,1,,,,
BGFV,0,,,,,
HOFT,0,,,,,
PACR,1,1,,,,
WTBA,0,,,,,
BNS,0,,,,,
WHG,0,,,,,
TRI,0,,,,,
BDSI,0,,,,,
CVGW,0,,,,,
KIRK,0,,,,,
QTWW,0,,,,,
RRGB,0,,,,,
GOLD,0,,,,,
RUSHA,0,,,,,
LYTS,0,,,,,
LQD,0,,,,,
TLT,0,,,,,
IEF,0,,,,,
SHY,0,,,,,
LF,0,,,,,
SNY,0,,,,,
BANC,0,,,,,
ARB,0,,,,,
PRAN,0,,,,,
SAIA,0,,,,,
KMX,0,,,,,
XEC,0,,,,,
CMCSA,0,,,,,
TAYC,1,1,,,,
WYNN,1,1,,,,
DKS,0,,,,,
EEQ,0,,,,,
FEZ,0,,,,,
NGS,0,,,,,
NRP,0,,,,,
NCT,0,,,,,
DS,0,,,,,
MRH,1,1,,,,
PTP,1,1,,,,
CMCSK,0,,,,,
MMLP,0,,,,,
CEVA,0,,,,,
PRAA,0,,,,,
SAFT,0,,,,,
SWHC,0,,,,,
AOBC,0,,,,,
ACTG,0,,,,,
EQIX,0,,,,,
GLNG,0,,,,,
XTEX,0,,,,,
ENLK,0,,,,,
CME,0,,,,,
IAG,0,,,,,
PXP,0,,,,,
TS,0,,,,,
STX,0,,,,,
VMED,1,1,,,,
EGO,0,,,,,
PFS,0,,,,,
LOJN,0,,,,,
IPCC,0,,,,,
WRC,1,1,,,,
EZA,0,,,,,
KGC,0,,,,,
ENH,0,,,,,
DMLP,0,,,,,
HSON,0,,,,,
IHG,1,1,,,,
CUK,0,,,,,
EEM,0,,,,,
RSP,0,,,,,
HTLF,0,,,,,
MBTF,1,1,,,,
FORM,0,,,,,
MARK,0,,,,,
SHLD,0,,,,,
BBL,0,,,,,
MSPD,0,,,,,
CHT,1,1,,,,
MOH,0,,,,,
AXS,0,,,,,
TELL,0,,,,,
CVCO,0,,,,,
DTSI,0,,,,,
NTGR,0,,,,,
AHT,0,,,,,
CSE,1,1,,,,
FVD,0,,,,,
GPK,0,,,,,
GRP,0,,,,,
TI,0,,,,,
BNCN,0,,,,,
GOOD,0,,,,,
PRSC,0,,,,,
TCBI,0,,,,,
UVSP,0,,,,,
CNO,0,,,,,
AUQ,0,,,,,
AGG,1,1,,,,
JRN,1,1,,,,
NFP,0,,,,,
PAA,0,,,,,
LKQ,0,,,,,
BPAX,0,,,,,
ANIP,0,,,,,
CRI,0,,,,,
FMD,0,,,,,
FPO,0,,,,,
IYT,0,,,,,
LPHI,0,,,,,
BVX,0,,,,,
DVY,0,,,,,
OMEX,0,,,,,
SNX,0,,,,,
WLL,0,,,,,
AZK,1,1,,,,
BWLD,0,,,,,
CALD,0,,,,,
CONN,0,,,,,
TRQ,0,,,,,
MRLN,0,,,,,
MGRC,0,,,,,
NXST,0,,,,,
QLTY,0,,,,,
TICC,0,,,,,
TSRA,1,1,,,,
XPER,0,,,,,
ZHNE,0,,,,,
DZSI,0,,,,,
CTRP,0,,,,,
MEIP,0,,,,,
TZOO,0,,,,,
GBLI,0,,,,,
AEL,0,,,,,
LFC,0,,,,,
CMP,0,,,,,
DTV,1,1,,,,
TIP,0,,,,,
KRO,0,,,,,
NNI,0,,,,,
NG,0,,,,,
PJC,0,,,,,
TPX,0,,,,,
UTI,0,,,,,
AUY,0,,,,,
AHL,0,,,,,
ITOT,0,,,,,
VCR,0,,,,,
VDC,0,,,,,
VFH,0,,,,,
VHT,0,,,,,
VGT,0,,,,,
VAW,0,,,,,
VPU,0,,,,,
VBK,0,,,,,
VBR,0,,,,,
VO,0,,,,,
VV,0,,,,,
VUG,0,,,,,
VTV,0,,,,,
VB,0,,,,,
MGLN,0,,,,,
PETS,0,,,,,
XTXI,1,1,,,,
AACC,1,1,,,,
DVAX,0,,,,,
GTXI,0,,,,,
HTH,0,,,,,
AIZ,0,,,,,
TRW,0,,,,,
LSE,0,,,,,
HOS,0,,,,,
NRG,0,,,,,
TNS,0,,,,,
CSBK,1,1,,,,
CUTR,0,,,,,
CVCY,0,,,,,
MCHX,0,,,,,
SBNY,0,,,,,
SBRA,0,,,,,
UCTT,0,,,,,
CYCC,0,,,,,
ANX,0,,,,,
MSTX,0,,,,,
SVRA,0,,,,,
ABR,0,,,,,
HSP,0,,,,,
SA,0,,,,,
AGO,0,,,,,
AINV,0,,,,,
CORT,0,,,,,
CYTK,0,,,,,
INTX,0,,,,,
GNW,0,,,,,
GHL,0,,,,,
XPO,0,,,,,
ACAD,0,,,,,
ALNY,0,,,,,
ANGO,0,,,,,
CRTX,0,,,,,
NILE,0,,,,,
NUVA,0,,,,,
RJET,0,,,,,
STAN,0,,,,,
SP,0,,,,,
XIDE,0,,,,,
CBG,0,,,,,
CAB,0,,,,,
HXM,0,,,,,
END,0,,,,,
IRC,0,,,,,
MGI,0,,,,,
NYMT,0,,,,,
CRM,0,,,,,
BEE,0,,,,,
SFL,0,,,,,
BOCH,1,1,,,,
DRAD,0,,,,,
LBTYA,0,,,,,
MFLX,0,,,,,
MNTA,0,,,,,
SNMX,0,,,,,
XRTX,0,,,,,
DPZ,0,,,,,
ENS,0,,,,,
GKK,0,,,,,
HEP,0,,,,,
LPL,0,,,,,
PGH,0,,,,,
WCG,0,,,,,
AUXL,1,1,,,,
BLKB,0,,,,,
CRME,0,,,,,
IDIX,0,,,,,
KONG,0,,,,,
KZ,0,,,,,
MNKD,0,,,,,
PSEC,0,,,,,
VLTR,0,,,,,
ACC,0,,,,,
BMR,0,,,,,
CNS,1,1,,,,
EXR,0,,,,,
KRG,0,,,,,
WLK,0,,,,,
CAAS,0,,,,,
CVGI,0,,,,,
ELOS,0,,,,,
GOOGL,0,,,,,
STXS,0,,,,,
SNTS,0,,,,,
CPL,0,,,,,
IOC,1,1,,,,
KYN,0,,,,,
RBY,0,,,,,
TTM,0,,,,,
VDE,0,,,,,
VIS,0,,,,,
VOX,0,,,,,
VNQ,0,,,,,
DYN,0,,,,,
BECN,0,,,,,
OCLR,0,,,,,
JOBS,0,,,,,
STON,0,,,,,
BBW,0,,,,,
DLR,0,,,,,
DWA,0,,,,,
NANO,0,,,,,
FXI,0,,,,,
MTL,0,,,,,
MOS,0,,,,,
NWY,0,,,,,
NRF,1,1,,,,
SHO,0,,,,,
CUBE,0,,,,,
YMI,0,,,,,
ADES,0,,,,,
ARCC,1,1,,,,
CLMS,0,,,,,
HURN,0,,,,,
LOCM,0,,,,,
JRJC,0,,,,,
THRX,0,,,,,
INVA,0,,,,,
TWGP,0,,,,,
TXRH,0,,,,,
NGD,0,,,,,
HALO,0,,,,,
NP,0,,,,,
FOXA,0,,,,,
FOX,0,,,,,
NAK,0,,,,,
ORA,0,,,,,
GLD,0,,,,,
CPNO,0,,,,,
MKTX,0,,,,,
MPWR,0,,,,,
NGPC,0,,,,,
OHAI,0,,,,,
NWE,0,,,,,
USMO,0,,,,,
SPOK,1,1,,,,
CSCD,1,1,,,,
NCTY,0,,,,,
TEAR,0,,,,,
LEDR,1,1,,,,
TBBK,0,,,,,
WRES,0,,,,,
BBG,0,,,,,
LVS,0,,,,,
MIC,0,,,,,
PEY,0,,,,,
PGJ,0,,,,,
SMA,1,1,,,,
HLF,0,,,,,
SVA,0,,,,,
CE,0,,,,,
EDR,0,,,,,
IAU,0,,,,,
NSU,0,,,,,
PHH,0,,,,,
WTI,0,,,,,
CZNC,0,,,,,
DLLR,0,,,,,
GFIG,0,,,,,
NE,0,,,,,
JRCC,0,,,,,
COOL,0,,,,,
PSDV,0,,,,,
SBX,0,,,,,
ANR,0,,,,,
ARC,0,,,,,
DLB,0,,,,,
HUN,0,,,,,
PBH,0,,,,,
MNTX,0,,,,,
WXS,0,,,,,
DRYS,0,,,,,
EFSC,0,,,,,
KRNY,0,,,,,
NDAQ,0,,,,,
PFBC,0,,,,,
THLD,0,,,,,
BAA,0,,,,,
MEA,0,,,,,
PBW,0,,,,,
DSX,0,,,,,
AIXG,0,,,,,
BOFI,0,,,,,
ACW,0,,,,,
PAY,0,,,,,
DXCM,0,,,,,
RAIL,0,,,,,
DRH,0,,,,,
HDY,0,,,,,
TRX,0,,,,,
TSTC,0,,,,,
TLP,0,,,,,
XRM,0,,,,,
LAZ,0,,,,,
TGP,0,,,,,
CTRN,0,,,,,
MORN,0,,,,,
ZUMZ,0,,,,,
ATSG,0,,,,,
BFIN,1,1,,,,
BLDR,0,,,,,
EGLE,1,1,,,,
GAIN,0,,,,,
HTGC,0,,,,,
LEAP,1,1,,,,
LHCG,0,,,,,
LINC,0,,,,,
SGI,0,,,,,
SIMO,0,,,,,
XNPT,0,,,,,
DSW,0,,,,,
FSP,0,,,,,
OSK,0,,,,,
KFN,0,,,,,
NSR,0,,,,,
PJP,1,1,,,,
PBJ,0,,,,,
THS,0,,,,,
WAL,0,,,,,
ALJ,1,1,,,,
EGI,0,,,,,
FTK,0,,,,,
ITC,1,1,,,,
MFB,0,,,,,
MPW,0,,,,,
TIS,0,,,,,
PIKE,0,,,,,
JMBA,0,,,,,
SLW,0,,,,,
WPM,0,,,,,
CNSL,0,,,,,
DISCA,0,,,,,
DMND,1,1,,,,
EXPE,0,,,,,
FMCN,0,,,,,
HITT,0,,,,,
ACCO,0,,,,,
CF,0,,,,,
DRC,0,,,,,
HPY,1,1,,,,
IWC,0,,,,,
EFV,0,,,,,
EFG,0,,,,,
ROC,1,1,,,,
SSW,0,,,,,
ATRC,0,,,,,
BIDU,0,,,,,
KONA,0,,,,,
LBTYK,0,,,,,
MWIV,0,,,,,
ROLL,0,,,,,
RUTH,0,,,,,
TRLG,0,,,,,
UEPS,0,,,,,
VTI,0,,,,,
AMP,0,,,,,
GCA,0,,,,,
EVRI,0,,,,,
GLP,0,,,,,
PID,0,,,,,
PFM,0,,,,,
LCC,0,,,,,
CBOU,0,,,,,
GENE,0,,,,,
GHDX,0,,,,,
SNSS,0,,,,,
VPRT,0,,,,,
CMPR,0,,,,,
WBMD,0,,,,,
FNF,0,,,,,
PIP,0,,,,,
PXJ,0,,,,,
UPI,0,,,,,
DHT,0,,,,,
FBIZ,0,,,,,
GASS,0,,,,,
HERO,0,,,,,
ISBC,1,1,,,,
MELA,0,,,,,
NXTM,0,,,,,
WSBF,0,,,,,
AMSF,1,1,,,,
NM,0,,,,,
CBEY,0,,,,,
ZLCS,0,,,,,
EPRS,0,,,,,
IRBT,0,,,,,
OIIM,0,,,,,
SEED,0,,,,,
SPWR,0,,,,,
UAA,0,,,,,
VIMC,0,,,,,
CALL,0,,,,,
WWWW,0,,,,,
WEB,0,,,,,
BWP,0,,,,,
BKD,0,,,,,
CCO,0,,,,,
IHS,0,,,,,
ICE,0,,,,,
PDS,0,,,,,
SDY,1,1,,,,
KCE,0,,,,,
KIE,0,,,,,
KBE,0,,,,,
BCBP,0,,,,,
CORE,0,,,,,
CYNO,0,,,,,
CYTX,0,,,,,
LORL,0,,,,,
SOMX,0,,,,,
TRAK,0,,,,,
VOCS,0,,,,,
AAV,0,,,,,
AAU,0,,,,,
BAS,0,,,,,
LYV,0,,,,,
DPM,0,,,,,
DCP,0,,,,,
FXE,0,,,,,
MGT,0,,,,,
PHO,0,,,,,
PRF,0,,,,,
SPHQ,0,,,,,
STP,0,,,,,
VIAB,0,,,,,
CPA,0,,,,,
VIA,0,,,,,
CMG,0,,,,,
GST,0,,,,,
WNR,0,,,,,
ARII,0,,,,,
CLMT,0,,,,,
HEES,0,,,,,
LINE,0,,,,,
PERI,0,,,,,
RGP,0,,,,,
ACOR,0,,,,,
CRDC,0,,,,,
DXTR,0,,,,,
CROX,0,,,,,
LQDT,0,,,,,
MHGC,0,,,,,
NTLS,0,,,,,
UAL,0,,,,,
XCO,0,,,,,
ETE,0,,,,,
PAC,0,,,,,
KOP,0,,,,,
RSO,0,,,,,
XSD,0,,,,,
XHB,0,,,,,
XBI,0,,,,,
TX,0,,,,,
GPOR,0,,,,,
DBC,0,,,,,
VWO,0,,,,,
VPL,0,,,,,
VGK,0,,,,,
BMA,0,,,,,
BTE,0,,,,,
APP,0,,,,,
FDL,0,,,,,
MDVN,0,,,,,
NYX,1,1,,,,
RPV,0,,,,,
RPG,0,,,,,
THI,1,1,,,,
TDG,0,,,,,
ALXA,0,,,,,
GPRE,0,,,,,
HIMX,0,,,,,
QQEW,0,,,,,
QTEC,0,,,,,
TRGT,1,1,,,,
CBIO,0,,,,,
VNDA,0,,,,,
SLV,0,,,,,
POR,0,,,,,
HOT,1,1,,,,
USO,0,,,,,
VIG,0,,,,,
DK,0,,,,,
ITB,0,,,,,
ITA,0,,,,,
IAT,0,,,,,
IAI,0,,,,,
IHI,0,,,,,
IHF,0,,,,,
IHE,1,1,,,,
IEZ,0,,,,,
IEO,0,,,,,
GDX,0,,,,,
MA,0,,,,,
MWA,0,,,,,
VG,0,,,,,
AAWW,0,,,,,
AHGP,0,,,,,
BMTI,1,1,,,,
CBAK,0,,,,,
CHTP,1,1,,,,
CODI,0,,,,,
LINTA,0,,,,,
QVCA,0,,,,,
TSPT,0,,,,,
PRTK,1,1,,,,
HK,0,,,,,
GROW,0,,,,,
FXS,0,,,,,
FXB,0,,,,,
FXA,0,,,,,
FXF,0,,,,,
FXC,0,,,,,
FBT,0,,,,,
FDN,0,,,,,
GFN,0,,,,,
KOG,0,,,,,
PWE,0,,,,,
OBE,0,,,,,
SSO,0,,,,,
QLD,0,,,,,
DDM,0,,,,,
MVV,0,,,,,
SH,0,,,,,
PSQ,0,,,,,
DOG,0,,,,,
MYY,0,,,,,
KRE,0,,,,,
XRT,0,,,,,
XPH,1,1,,,,
XOP,0,,,,,
XES,0,,,,,
XME,0,,,,,
TCK,0,,,,,
TECK,1,1,,,,
DLN,0,,,,,
DTN,0,,,,,
DON,1,1,,,,
DES,0,,,,,
DLS,0,,,,,
DFJ,0,,,,,
DXJ,1,1,,,,
DFE,0,,,,,
ATEC,0,,,,,
CLUB,0,,,,,
CTCM,0,,,,,
HIL,0,,,,,
HOMB,0,,,,,
HWCC,0,,,,,
PGTI,0,,,,,
CSII,0,,,,,
SNCR,0,,,,,
CTRX,0,,,,,
VOLC,0,,,,,
HUSA,0,,,,,
GSG,0,,,,,
MZZ,0,,,,,
DXD,0,,,,,
QID,0,,,,,
SDS,0,,,,,
NSH,0,,,,,
WNS,0,,,,,
WIN,1,1,,,,
WYN,0,,,,,
AWH,1,1,,,,
CBLI,0,,,,,
GTLS,0,,,,,
KALU,0,,,,,
EVR,0,,,,,
HBI,0,,,,,
GMO,0,,,,,
MHR,0,,,,,
URZ,0,,,,,
VOE,0,,,,,
VOT,0,,,,,
AYR,0,,,,,
ASTI,0,,,,,
INWK,0,,,,,
OSIR,0,,,,,
EEB,0,,,,,
CVY,0,,,,,
MXI,0,,,,,
JXI,0,,,,,
KXI,0,,,,,
GSL,0,,,,,
MR,0,,,,,
CAF,1,1,,,,
EDU,0,,,,,
DBV,0,,,,,
WU,0,,,,,
CVLT,0,,,,,
ICFI,0,,,,,
PRFZ,0,,,,,
RVBD,0,,,,,
SFLY,0,,,,,
WCRX,0,,,,,
ZIOP,0,,,,,
EVEP,0,,,,,
ACHN,0,,,,,
APKT,0,,,,,
BBEP,0,,,,,
CADX,0,,,,,
EHTH,0,,,,,
EROC,0,,,,,
EXLS,0,,,,,
HMIN,0,,,,,
LMAT,0,,,,,
SUSS,1,1,,,,
EXLP,0,,,,,
APLP,0,,,,,
VPFG,0,,,,,
LTXB,0,,,,,
AWI,0,,,,,
ALC,0,,,,,
DEI,0,,,,,
SLX,0,,,,,
OC,0,,,,,
PSP,0,,,,,
PTF,0,,,,,
PTH,0,,,,,
PRN,0,,,,,
PXI,0,,,,,
PSL,0,,,,,
PEZ,0,,,,,
SAI,0,,,,,
LDOS,1,1,,,,
ROST,0,,,,,
AZC,1,1,,,,
EBS,0,,,,,
XRA,0,,,,,
HRI,1,1,,,,
KBW,1,1,,,,
KBR,0,,,,,
MFG,0,,,,,
NOA,0,,,,,
RYH,0,,,,,
SPR,0,,,,,
VYM,0,,,,,
OB,0,,,,,
AER,0,,,,,
AFSI,0,,,,,
ALLT,0,,,,,
CPLA,0,,,,,
CPRX,0,,,,,
CSIQ,0,,,,,
FSLR,0,,,,,
GSAT,0,,,,,
HNSN,0,,,,,
IPHS,0,,,,,
MBLX,0,,,,,
YTEN,0,,,,,
NLST,0,,,,,
ORBC,0,,,,,
ADK,0,,,,,
RHE,0,,,,,
DVR,0,,,,,
CSD,0,,,,,
DCT,0,,,,,
PGF,0,,,,,
PKW,0,,,,,
RWX,0,,,,,
TSL,0,,,,,
ANW,0,,,,,
TOO,0,,,,,
AFFY,0,,,,,
AIMC,0,,,,,
ALGT,0,,,,,
GLDD,0,,,,,
GUID,0,,,,,
HLYS,0,,,,,
IPGP,0,,,,,
KCAP,0,,,,,
MNOV,0,,,,,
MPEL,0,,,,,
MLCO,0,,,,,
OMPI,0,,,,,
HSOL,0,,,,,
HQCL,0,,,,,
TAST,0,,,,,
SBH,0,,,,,
EIG,0,,,,,
EXK,0,,,,,
HF,0,,,,,
GVI,0,,,,,
CFT,0,,,,,
CRED,0,,,,,
CIU,0,,,,,
CSJ,0,,,,,
TLH,0,,,,,
IEI,0,,,,,
SHV,0,,,,,
MVO,0,,,,,
DBE,0,,,,,
DBP,0,,,,,
DBS,0,,,,,
DBA,0,,,,,
DBO,0,,,,,
DGL,0,,,,,
DBB,0,,,,,
SAA,0,,,,,
RWM,0,,,,,
TWM,0,,,,,
UWM,0,,,,,
CWI,0,,,,,
TA,0,,,,,
ZN,0,,,,,
AVAV,0,,,,,
ESEA,0,,,,,
LGCY,0,,,,,
ORIT,0,,,,,
FXY,0,,,,,
FIG,1,1,,,,
UUP,0,,,,,
UDN,0,,,,,
SSG,0,,,,,
SRS,0,,,,,
REW,0,,,,,
DUG,0,,,,,
SIJ,0,,,,,
SKF,0,,,,,
SMN,0,,,,,
USD,0,,,,,
URE,0,,,,,
ROM,0,,,,,
DIG,0,,,,,
UXI,0,,,,,
RXL,0,,,,,
UYG,0,,,,,
UYM,0,,,,,
CORR,0,,,,,
CEL,0,,,,,
ARAY,0,,,,,
CENTA,0,,,,,
JASO,0,,,,,
MLNX,0,,,,,
NCMI,1,1,,,,
NGLS,0,,,,,
OPTR,1,1,,,,
ROSG,0,,,,,
SNTA,0,,,,,
SSRX,0,,,,,
TCAP,1,1,,,,
AVNW,0,,,,,
ADY,0,,,,,
BR,0,,,,,
CQP,0,,,,,
UFS,0,,,,,
SFNC,0,,,,,
GFA,0,,,,,
MBB,1,1,,,,
PFF,0,,,,,
PDP,0,,,,,
GMF,0,,,,,
GXC,0,,,,,
GUR,0,,,,,
TWC,1,1,,,,
VEU,0,,,,,
ARUN,0,,,,,
CCIX,0,,,,,
CLWR,0,,,,,
CPLP,0,,,,,
FIRE,0,,,,,
GLUU,0,,,,,
GSIT,0,,,,,
HAYN,0,,,,,
SMCI,0,,,,,
USAT,0,,,,,
CNK,0,,,,,
DAL,0,,,,,
DNN,0,,,,,
HYG,0,,,,,
RSX,0,,,,,
PCS,0,,,,,
TMUS,1,1,,,,
SCR,0,,,,,
GWX,1,1,,,,
GWL,1,1,,,,
SPDW,0,,,,,
UNG,0,,,,,
BLV,1,1,,,,
BIV,1,1,,,,
BSV,1,1,,,,
BND,1,1,,,,
ARCW,0,,,,,
OPTT,0,,,,,
OREX,0,,,,,
PNNT,0,,,,,
TFSL,0,,,,,
ACM,0,,,,,
ANV,0,,,,,
BGS,0,,,,,
CAP,0,,,,,
CAI,0,,,,,
CLR,0,,,,,
FRI,0,,,,,
FEX,0,,,,,
FXD,0,,,,,
FXG,0,,,,,
FXN,0,,,,,
FXO,0,,,,,
FXH,0,,,,,
FXR,0,,,,,
FXZ,0,,,,,
FXL,0,,,,,
FXU,0,,,,,
FTC,0,,,,,
GEX,0,,,,,
SKH,0,,,,,
GEN,0,,,,,
SLH,0,,,,,
BIL,0,,,,,
TRS,0,,,,,
BIOD,0,,,,,
CAVM,0,,,,,
CLNE,0,,,,,
CSUN,0,,,,,
ENOC,0,,,,,
FOLD,0,,,,,
GLRE,0,,,,,
IBKR,0,,,,,
KS,0,,,,,
PODD,0,,,,,
TTGT,0,,,,,
TWER,0,,,,,
FNI,0,,,,,
FIW,0,,,,,
REM,0,,,,,
REZ,0,,,,,
GRBK,0,,,,,
BKCC,0,,,,,
FBRC,1,1,,,,
INFN,0,,,,,
JAZZ,0,,,,,
LLNW,0,,,,,
SCOR,0,,,,,
SPRD,0,,,,,
BZ,0,,,,,
BX,1,1,,,,
CIG,1,1,,,,
DFS,0,,,,,
IDV,1,1,,,,
LDK,0,,,,,
PLG,0,,,,,
PPO,0,,,,,
PRO,0,,,,,
SEP,0,,,,,
SLT,0,,,,,
YGE,0,,,,,
COV,1,1,,,,
TEL,0,,,,,
DHX,0,,,,,
GSB,0,,,,,
HGG,0,,,,,
MVG,0,,,,,
OWW,0,,,,,
PMC,0,,,,,
VEA,0,,,,,
WBC,0,,,,,
DEM,0,,,,,
VR,0,,,,,
BNCL,0,,,,,
LULU,0,,,,,
PWRD,0,,,,,
REXX,0,,,,,
BKEP,0,,,,,
SHOR,0,,,,,
TYPE,0,,,,,
RIOT,0,,,,,
MASI,0,,,,,
MELI,0,,,,,
NEPT,0,,,,,
PRGN,0,,,,,
SCMP,0,,,,,
SMBL,0,,,,,
BDBD,0,,,,,
VRTU,0,,,,,
ZINC,0,,,,,
CXO,0,,,,,
EJ,1,1,,,,
EXH,0,,,,,
AROC,0,,,,,
FDD,0,,,,,
THM,0,,,,,
CUR,0,,,,,
VMW,0,,,,,
WX,0,,,,,
CZZ,0,,,,,
G,0,,,,,
AXU,0,,,,,
FLY,0,,,,,
DUF,0,,,,,
MUB,0,,,,,
MOO,0,,,,,
PXH,0,,,,,
PKT,0,,,,,
TFI,1,1,,,,
TDC,0,,,,,
UEC,0,,,,,
ATHN,0,,,,,
CISG,0,,,,,
FANH,0,,,,,
CTCT,0,,,,,
FFNW,0,,,,,
MAIN,0,,,,,
MAPP,0,,,,,
TOWN,0,,,,,
TSON,0,,,,,
BAXS,0,,,,,
SAAS,0,,,,,
ULTA,0,,,,,
CVI,0,,,,,
STV,0,,,,,
DFT,0,,,,,
GSI,0,,,,,
ROIC,0,,,,,
PZA,0,,,,,
PCY,0,,,,,
EFU,0,,,,,
EFZ,0,,,,,
PZN,1,1,,,,
RBS,0,,,,,
SHM,1,1,,,,
BWX,1,1,,,,
VNR,0,,,,,
DGS,0,,,,,
ZEP,0,,,,,
TGH,0,,,,,
CIM,0,,,,,
NPD,0,,,,,
EPB,1,1,,,,
GA,0,,,,,
HEK,0,,,,,
ECH,0,,,,,
BKF,0,,,,,
LL,0,,,,,
MSCI,0,,,,,
OZM,0,,,,,
PHB,0,,,,,
FXP,0,,,,,
EWV,0,,,,,
EEV,0,,,,,
EUM,0,,,,,
RSW,0,,,,,
RSU,0,,,,,
TC,0,,,,,
NMM,0,,,,,
AMCN,0,,,,,
APEI,0,,,,,
AREX,0,,,,,
ENSG,0,,,,,
ETRM,0,,,,,
IFGL,0,,,,,
NFBK,1,1,,,,
NSPH,0,,,,,
RBCN,0,,,,,
REED,0,,,,,
SYMX,0,,,,,
SES,0,,,,,
IQNT,0,,,,,
ATHX,0,,,,,
CATM,0,,,,,
HOGS,0,,,,,
MDAS,0,,,,,
MEMS,0,,,,,
OESX,0,,,,,
ORN,0,,,,,
PSTI,0,,,,,
SATS,0,,,,,
SBLK,0,,,,,
TITN,0,,,,,
VISN,0,,,,,
TAO,0,,,,,
ARR,0,,,,,
IDI,0,,,,,
COGT,0,,,,,
SCJ,0,,,,,
SCZ,0,,,,,
EMB,0,,,,,
IGF,0,,,,,
LRN,0,,,,,
ITM,0,,,,,
N,0,,,,,
PIZ,0,,,,,
PIE,0,,,,,
KW,0,,,,,
GTS,0,,,,,
USL,0,,,,,
MGK,0,,,,,
MGV,0,,,,,
MGC,0,,,,,
XIN,0,,,,,
TNK,0,,,,,
EBSB,0,,,,,
IPCM,0,,,,,
AHC,0,,,,,
CPN,0,,,,,
SHZ,0,,,,,
HAO,0,,,,,
GCC,0,,,,,
KGN,0,,,,,
AKG,0,,,,,
BJK,0,,,,,
KOL,0,,,,,
PGX,0,,,,,
SOL,0,,,,,
SSN,0,,,,,
BIP,0,,,,,
LIVE,0,,,,,
MAKO,0,,,,,
SUTR,0,,,,,
DAN,0,,,,,
LEI,0,,,,,
RWL,1,1,,,,
RWK,1,1,,,,
RWJ,1,1,,,,
DWX,0,,,,,
UGA,0,,,,,
EPI,0,,,,,
FU,0,,,,,
ACWI,0,,,,,
ACWX,0,,,,,
BEAT,0,,,,,
HCCI,0,,,,,
KNDI,0,,,,,
GALE,0,,,,,
IRDM,0,,,,,
HI,0,,,,,
THD,0,,,,,
TUR,0,,,,,
NOG,0,,,,,
PM,0,,,,,
PIN,0,,,,,
SMS,0,,,,,
V,0,,,,,
AWK,0,,,,,
DPS,0,,,,,
GTE,0,,,,,
HTS,1,1,,,,
IPI,0,,,,,
NX,0,,,,,
FDML,0,,,,,
WHX,0,,,,,
CFX,0,,,,,
UNH,0,,,,,
PSE,0,,,,,
TBT,0,,,,,
PST,0,,,,,
RNN,0,,,,,
RWO,1,1,,,,
EWX,0,,,,,
WES,0,,,,,
ICN,0,,,,,
CYB,1,1,,,,
BZF,0,,,,,
SB,0,,,,,
AGNC,0,,,,,
CHLN,0,,,,,
CNIT,0,,,,,
MHLD,0,,,,,
RSOL,0,,,,,
RGSE,0,,,,,
UMH,0,,,,,
FSC,0,,,,,
OCSL,0,,,,,
HPJ,0,,,,,
LPS,1,1,,,,
DDG,0,,,,,
SEF,0,,,,,
SNI,0,,,,,
VT,0,,,,,
BDGE,0,,,,,
WOOD,0,,,,,
PNQI,0,,,,,
ATAX,0,,,,,
DL,0,,,,,
JBT,0,,,,,
ERII,0,,,,,
GTAT,0,,,,,
RAX,0,,,,,
AAXJ,0,,,,,
HOLI,0,,,,,
HSNI,0,,,,,
IILG,0,,,,,
ILG,0,,,,,
PRIM,0,,,,,
TREE,0,,,,,
WPRT,0,,,,,
ASCMA,0,,,,,
DISCK,0,,,,,
HCI,0,,,,,
MYRG,0,,,,,
EC,1,1,,,,
OEF,0,,,,,
EBR,0,,,,,
TPI,0,,,,,
ASRV,0,,,,,
DMRC,0,,,,,
FAS,0,,,,,
FAZ,0,,,,,
TZA,0,,,,,
TNA,0,,,,,
SPXS,0,,,,,
SPXL,0,,,,,
ERY,0,,,,,
ERX,0,,,,,
UCO,0,,,,,
SCO,0,,,,,
YCS,0,,,,,
YCL,0,,,,,
ULE,0,,,,,
EUO,0,,,,,
LOPE,0,,,,,
CLW,0,,,,,
TECL,0,,,,,
TECS,0,,,,,
EDC,0,,,,,
EDZ,0,,,,,
DZK,0,,,,,
DPK,0,,,,,
UGL,0,,,,,
GLL,0,,,,,
ZSL,0,,,,,
AGQ,0,,,,,
VRTS,0,,,,,
IGOV,0,,,,,
FAA,0,,,,,
MIDZ,0,,,,,
MIDU,0,,,,,
GXG,0,,,,,
HYD,1,1,,,,
MJN,0,,,,,
SVM,0,,,,,
HTWR,0,,,,,
CGA,0,,,,,
BPI,0,,,,,
TMV,0,,,,,
TMF,0,,,,,
TYO,0,,,,,
TYD,0,,,,,
RST,0,,,,,
CWB,1,1,,,,
VSS,0,,,,,
BWEN,0,,,,,
CYOU,0,,,,,
JNK,0,,,,,
DGI,1,1,,,,
BRF,0,,,,,
SWI,0,,,,,
CEW,0,,,,,
OPEN,0,,,,,
SMED,0,,,,,
MDSO,0,,,,,
MYRX,0,,,,,
CYS,0,,,,,
GOV,0,,,,,
BIN,0,,,,,
IVR,0,,,,,
EPU,0,,,,,
EET,0,,,,,
BZQ,0,,,,,
EZJ,0,,,,,
EPV,0,,,,,
SPXU,0,,,,,
UPRO,0,,,,,
XPP,0,,,,,
DRV,0,,,,,
DRN,0,,,,,
SIVR,0,,,,,
PMT,0,,,,,
ASPS,0,,,,,
LOGM,0,,,,,
QABA,0,,,,,
TBNK,0,,,,,
CFN,1,1,,,,
TBF,0,,,,,
STWD,0,,,,,
FBR,0,,,,,
AVGO,0,,,,,
CPIX,0,,,,,
CRBQ,0,,,,,
BUD,0,,,,,
ARI,0,,,,,
ART,0,,,,,
CLNY,0,,,,,
CXS,0,,,,,
SGOL,0,,,,,
LTPZ,0,,,,,
REN,0,,,,,
SEM,0,,,,,
DNO,0,,,,,
FUBC,0,,,,,
GAME,0,,,,,
LIWA,0,,,,,
YONG,0,,,,,
BSBR,1,1,,,,
YAO,0,,,,,
DOLE,0,,,,,
MG,0,,,,,
PAM,0,,,,,
SPU,0,,,,,
TWO,1,1,,,,
VSI,0,,,,,
ADUS,0,,,,,
DRWI,0,,,,,
ECHO,0,,,,,
EDMC,0,,,,,
IPCI,0,,,,,
LTBR,0,,,,,
OMER,0,,,,,
VRSK,0,,,,,
AOL,0,,,,,
OIBR,1,1,,,,
CVE,0,,,,,
CLD,0,,,,,
DG,0,,,,,
H,0,,,,,
LEA,0,,,,,
GDXJ,0,,,,,
CAK,0,,,,,
ERN,0,,,,,
MINT,0,,,,,
ZROZ,0,,,,,
STRI,0,,,,,
SCHB,0,,,,,
SCHX,0,,,,,
SCHA,0,,,,,
SCHF,0,,,,,
SVN,0,,,,,
UNL,0,,,,,
CO,0,,,,,
CHOP,0,,,,,
COWN,0,,,,,
CXDC,0,,,,,
FTNT,0,,,,,
INDY,0,,,,,
RUE,0,,,,,
VCIT,1,1,,,,
VCLT,0,,,,,
VCSH,1,1,,,,
ZAGG,0,,,,,
CIT,0,,,,,
CQQQ,0,,,,,
CIE,0,,,,,
CCM,0,,,,,
LBJ,0,,,,,
YANG,0,,,,,
YINN,0,,,,,
ESV,0,,,,,
CHIQ,0,,,,,
CHIX,0,,,,,
QQQC,0,,,,,
CLY,1,1,,,,
KAR,0,,,,,
KRA,0,,,,,
ONP,0,,,,,
PEB,0,,,,,
PPC,0,,,,,
MUNI,0,,,,,
SCPB,1,1,,,,
SCHG,0,,,,,
SCHV,0,,,,,
TMH,0,,,,,
HEDJ,1,1,,,,
TAT,0,,,,,
CBPO,0,,,,,
CHSP,0,,,,,
UBT,0,,,,,
UST,0,,,,,
SCHE,0,,,,,
SCHC,0,,,,,
SYA,0,,,,,
TW,0,,,,,
EUFN,0,,,,,
MSGN,0,,,,,
OXBT,0,,,,,
TENX,0,,,,,
DEXO,0,,,,,
GNRC,0,,,,,
PDM,0,,,,,
PCEF,0,,,,,
SDOW,0,,,,,
SMDD,0,,,,,
SRTY,0,,,,,
URTY,0,,,,,
UMDD,0,,,,,
UDOW,0,,,,,
TRNO,0,,,,,
IRWD,0,,,,,
LLEN,0,,,,,
QNST,0,,,,,
SLRC,0,,,,,
SQQQ,0,,,,,
TQQQ,0,,,,,
UNIS,0,,,,,
CALX,0,,,,,
CHGS,0,,,,,
INDL,0,,,,,
SOXS,0,,,,,
SOXL,0,,,,,
AUMN,0,,,,,
CNDA,0,,,,,
MXL,0,,,,,
PBTH,0,,,,,
REK,0,,,,,
YXI,0,,,,,
SPB,0,,,,,
ST,0,,,,,
BALT,0,,,,,
STNG,0,,,,,
ANTH,0,,,,,
AVEO,0,,,,,
CREG,0,,,,,
CU,0,,,,,
FTRI,0,,,,,
FIBK,0,,,,,
FNGN,0,,,,,
HTHT,0,,,,,
MERU,0,,,,,
PLTM,0,,,,,
FTAG,0,,,,,
SSNC,0,,,,,
CLDT,0,,,,,
EXL,0,,,,,
GGS,0,,,,,
SIL,0,,,,,
PNG,0,,,,,
PRI,0,,,,,
VIP,1,1,,,,
VEON,0,,,,,
SDRL,0,,,,,
ALIM,0,,,,,
AOSL,0,,,,,
BIB,0,,,,,
BIS,0,,,,,
CDXS,0,,,,,
GBDC,0,,,,,
MITL,0,,,,,
OCZ,0,,,,,
SPSC,0,,,,,
TCRD,0,,,,,
PSCH,0,,,,,
AH,0,,,,,
CRMD,0,,,,,
PLOW,0,,,,,
EXPR,0,,,,,
FAF,0,,,,,
EIDO,0,,,,,
EPOL,0,,,,,
JKS,0,,,,,
NKA,0,,,,,
NOR,0,,,,,
RRTS,0,,,,,
CODE,0,,,,,
FURX,1,1,,,,
GNMK,0,,,,,
LMNR,0,,,,,
MILL,0,,,,,
RLOC,0,,,,,
TNAV,0,,,,,
BORN,0,,,,,
SEA,0,,,,,
ONE,0,,,,,
HPP,0,,,,,
OAS,0,,,,,
QEP,0,,,,,
SIX,0,,,,,
CORN,0,,,,,
BNO,0,,,,,
VPG,0,,,,,
FN,0,,,,,
BSFT,0,,,,,
CBOE,0,,,,,
PACT,0,,,,,
MOTR,0,,,,,
VLTC,0,,,,,
SANW,0,,,,,
TSLA,0,,,,,
